1323,华盛国际控股,综合企业
2327,美瑞健康国际,综合企业
267,中信股份,综合企业
656,复星国际,综合企业
1,长和,综合企业
659,新创建集团,综合企业
242,信德集团,综合企业
882,天津发展,综合企业
2722,重庆机电,综合企业
19,太古股份公司A,综合企业
363,上海实业控股,综合企业
87,太古股份公司B,综合企业
3686,祈福生活服务,综合企业
202,润中国际控股,综合企业
620,大唐西市,综合企业
318,黄河实业,综合企业
132,中国兴业控股,综合企业
488,丽新发展,综合企业
25,其士国际,综合企业
191,丽新国际,综合企业
908,珠海控股投资,综合企业
1178,汇银控股集团,综合企业
1468,京基金融国际,综合企业
860,力世纪,珠宝钟表
789,雅天妮集团,珠宝钟表
256,冠城钟表珠宝,珠宝钟表
3326,保发集团,珠宝钟表
280,景福集团,珠宝钟表
1856,依波路,珠宝钟表
986,中国环保能源,珠宝钟表
1327,励时集团,珠宝钟表
2033,时计宝,珠宝钟表
513,恒和集团,珠宝钟表
442,海福德集团,珠宝钟表
8219,恒伟集团控股,珠宝钟表
8537,创辉珠宝,珠宝钟表
1800,中国交通建设,重型基建
1034,富汇建筑控股,重型基建
390,中国中铁,重型基建
1618,中国中冶,重型基建
1829,中国机械工程,重型基建
1186,中国铁建,重型基建
2110,裕勤控股,重型基建
3311,中国建筑国际,重型基建
1865,管道工程,重型基建
2132,誉燊丰控股,重型基建
1987,BENG SOON MACH,重型基建
1960,TBKS HLDGS,重型基建
8516,广骏集团控股,重型基建
871,中国疏浚环保,重型基建
1496,亚积邦租赁,重型基建
8140,人和科技,重型基建
1662,义合控股,重型基建
8059,朝威控股,重型基建
589,建中建设,重型基建
8188,骏杰集团控股,重型基建
1472,生兴控股,重型基建
1421,工盖有限公司,重型基建
1343,伟源控股,重型基建
1757,俊裕地基,重型基建
711,亚洲联合基建控股,重型基建
8316,柏荣集团控股,重型基建
8523,常满控股,重型基建
240,利基控股,重型基建
687,泰升集团,重型基建
2221,创业集团控股,重型基建
1559,均安控股,重型基建
1372,比速科技,重型基建
8321,泰锦控股,重型基建
6888,英达公路再生科技,重型基建
1706,双运控股,重型基建
610,惠记集团,重型基建
2068,中铝国际,重型基建
8216,丰城控股,重型基建
8601,宝燵控股,重型基建
8217,联旺集团,重型基建
2258,华滋国际海洋,重型基建
8356,中国新华电视,重型基建
3822,三和建筑集团,重型基建
6816,瑞港建设,重型基建
1557,剑虹集团控股,重型基建
8366,浙江联合投资,重型基建
2193,万景控股,重型基建
1718,宏基集团控股,重型基建
1649,内蒙古能建,重型基建
1707,致浩达控股,重型基建
8305,棠记控股,重型基建
3928,S&T HLDGS,重型基建
3339,中国龙工,重机械
1157,中联重科,重机械
474,信铭生命科技,重机械
1786,铁建装备,重机械
38,第一拖拉机股份,重机械
2153,达丰设备,重机械
631,三一国际,重机械
1660,兆邦基地产,重机械
8612,维亮控股,重机械
1341,昊天国际建投,重机械
3348,中国鹏飞集团,重机械
651,中海重工,重机械
1301,德基科技控股,重机械
8425,兴铭控股,重机械
936,鹏程亚洲,重机械
2102,德利机械,重机械
8152,明梁控股,重机械
570,中国中药,中医药
1643,现代中药集团,中医药
1666,同仁堂科技,中医药
874,白云山,中医药
3613,同仁堂国药,中医药
2877,神威药业,中医药
897,位元堂,中医药
1812,晨鸣纸业,纸及纸制品
2689,玖龙纸业,纸及纸制品
2002,阳光纸业,纸及纸制品
2314,理文造纸,纸及纸制品
2320,合丰集团,纸及纸制品
923,综合环保集团,纸及纸制品
731,森信纸业集团,纸及纸制品
2268,优源控股,纸及纸制品
3363,正业国际,纸及纸制品
1141,民银资本,证券及经纪
6066,中信建投证券,证券及经纪
3908,中金公司,证券及经纪
6837,海通证券,证券及经纪
6881,中国银河,证券及经纪
804,鼎石资本,证券及经纪
1428,耀才证券金融,证券及经纪
139,中达集团控股,证券及经纪
6806,申万宏源,证券及经纪
1788,国泰君安国际,证券及经纪
665,海通国际,证券及经纪
1456,国联证券,证券及经纪
821,汇盈控股,证券及经纪
1282,宝新金融,证券及经纪
6886,华泰证券,证券及经纪
3958,东方证券,证券及经纪
1776,广发证券,证券及经纪
6099,招商证券,证券及经纪
6178,光大证券,证券及经纪
1375,中州证券,证券及经纪
812,西证国际证券,证券及经纪
231,平安证券集团控股,证券及经纪
2611,国泰君安,证券及经纪
3329,交银国际,证券及经纪
245,中薇金融,证券及经纪
717,英皇证券,证券及经纪
227,第一上海,证券及经纪
64,结好控股,证券及经纪
329,东建国际,证券及经纪
2263,富石金融,证券及经纪
585,意马国际,证券及经纪
622,威华达控股,证券及经纪
218,申万宏源香港,证券及经纪
1461,鲁证期货,证券及经纪
8029,太阳国际,证券及经纪
263,高富集团控股,证券及经纪
290,中国富强金融,证券及经纪
211,大凌集团,证券及经纪
1031,金利丰金融,证券及经纪
619,南华金融,证券及经纪
6058,兴证国际,证券及经纪
510,时富金融服务集团,证券及经纪
8210,衍汇亚洲,证券及经纪
952,中国通海金融,证券及经纪
8540,胜利证券,证券及经纪
1469,结好金融,证券及经纪
3678,弘业期货,证券及经纪
8098,昌利控股,证券及经纪
6877,CLSA PREMIUM,证券及经纪
8226,树熊金融集团,证券及经纪
1476,恒投证券,证券及经纪
8350,骏溢环球金融,证券及经纪
1060,阿里影业,影视娱乐
2125,稻草熊娱乐,影视娱乐
547,数字王国,影视娱乐
8228,国艺娱乐,影视娱乐
326,中国星集团,影视娱乐
1740,新石文化,影视娱乐
1003,欢喜传媒,影视娱乐
1981,华夏视听教育,影视娱乐
391,美亚娱乐资讯,影视娱乐
1896,猫眼娱乐,影视娱乐
8220,比高集团,影视娱乐
8087,中国三三传媒,影视娱乐
1326,传递娱乐,影视娱乐
8368,中国创意控股,影视娱乐
8078,中国创意数码,影视娱乐
1132,橙天嘉禾,影视娱乐
491,英皇文化产业,影视娱乐
9958,力天影业,影视娱乐
1970,IMAX 中国,影视娱乐
1046,寰宇娱乐文化,影视娱乐
953,邵氏兄弟控股,影视娱乐
8175,中国数码文化,影视娱乐
8446,ITP HOLDINGS,影视娱乐
1159,星光文化,影视娱乐
2230,羚邦集团,影视娱乐
8172,拉近网娱,影视娱乐
8075,寰亚传媒(新),影视娱乐
8103,HMVOD视频,影视娱乐
3636,保利文化,影视娱乐
571,丰德丽控股,影视娱乐
8082,太阳娱乐集团,影视娱乐
2366,星美文化旅游,影视娱乐
1616,星宏传媒,影视娱乐
1481,竣球控股,印刷及包装
1332,中国透云,印刷及包装
8291,万成金属包装,印刷及包装
1239,TEAMWAY INTL GP,印刷及包装
8448,环球印馆,印刷及包装
8383,东骏控股,印刷及包装
8391,基石科技控股,印刷及包装
468,纷美包装,印刷及包装
1433,常达控股,印刷及包装
1172,融太集团,印刷及包装
1975,新兴印刷,印刷及包装
1412,隽思集团,印刷及包装
906,中粮包装,印刷及包装
450,鸿兴印刷集团,印刷及包装
403,星光集团,印刷及包装
1008,贵联控股,印刷及包装
1884,EPRINT集团,印刷及包装
1439,移动互联(中国),印刷及包装
1689,华禧控股,印刷及包装
8450,钜京控股,印刷及包装
794,锦胜集团(控股),印刷及包装
8416,HM INTL HLDGS,印刷及包装
1820,济丰包装,印刷及包装
1631,REF HOLDINGS,印刷及包装
55,中星集团控股,印刷及包装
6898,中国铝罐,印刷及包装
1451,万成集团股份,印刷及包装
8659,易和国际控股,印刷及包装
3626,HSSP INTL,印刷及包装
1540,澳狮环球,印刷及包装
252,华信地产财务,印刷及包装
1629,冠均国际控股,印刷及包装
1106,铭霖控股,印刷及包装
2300,澳科控股,印刷及包装
1127,狮子山集团,印刷及包装
1335,顺泰控股,印刷及包装
1626,嘉耀控股,印刷及包装
8481,盛龙锦秀国际,印刷及包装
1841,优越集团控股,印刷及包装
939,建设银行,银行
1398,工商银行,银行
3988,中国银行,银行
1288,农业银行,银行
1658,邮储银行,银行
998,中信银行,银行
5,汇丰控股,银行
6818,中国光大银行,银行
3328,交通银行,银行
1988,民生银行,银行
3968,招商银行,银行
3618,重庆农村商业银行,银行
2388,中银香港,银行
2139,甘肃银行,银行
2888,渣打集团,银行
11,恒生银行,银行
6196,郑州银行,银行
626,大众金融控股,银行
1963,重庆银行,银行
2016,浙商银行,银行
23,东亚银行,银行
9668,渤海银行,银行
3698,徽商银行,银行
440,大新金融,银行
2356,大新银行集团,银行
6138,哈尔滨银行,银行
1111,创兴银行,银行
1916,江西银行,银行
1216,中原银行,银行
3866,青岛银行,银行
6199,贵州银行,银行
9677,威海银行,银行
416,锦州银行,银行
1551,广州农商银行,银行
6190,九江银行,银行
2066,盛京银行,银行
1578,天津银行,银行
6122,九台农商银行,银行
1983,泸州银行,银行
2558,晋商银行,银行
286,爱帝宫,医疗及医学美容服务
2158,医渡科技,医疗及医学美容服务
2135,瑞丽医美,医疗及医学美容服务
1833,平安好医生,医疗及医学美容服务
1515,华润医疗,医疗及医学美容服务
708,恒大汽车,医疗及医学美容服务
2389,北控医疗健康,医疗及医学美容服务
3309,希玛眼科,医疗及医学美容服务
6078,海吉亚医疗,医疗及医学美容服务
383,中国医疗网络,医疗及医学美容服务
1830,必瘦站,医疗及医学美容服务
8161,医汇集团,医疗及医学美容服务
8437,德斯控股,医疗及医学美容服务
2700,格林国际控股,医疗及医学美容服务
8357,REPUBLIC HC,医疗及医学美容服务
1846,德视佳,医疗及医学美容服务
8143,金威医疗,医疗及医学美容服务
718,太和控股,医疗及医学美容服务
919,现代健康科技,医疗及医学美容服务
2138,香港医思医疗集团,医疗及医学美容服务
1419,盈健医疗,医疗及医学美容服务
1518,新世纪医疗,医疗及医学美容服务
2120,康宁医院,医疗及医学美容服务
3689,康华医疗,医疗及医学美容服务
1526,瑞慈医疗,医疗及医学美容服务
8037,中国生物科技服务,医疗及医学美容服务
1827,卓珈控股,医疗及医学美容服务
9906,宏力医疗管理,医疗及医学美容服务
722,联合医务,医疗及医学美容服务
3869,弘和仁爱医疗,医疗及医学美容服务
3886,康健国际医疗,医疗及医学美容服务
8176,超人智能,医疗及医学美容服务
1161,奥思集团,医疗及医学美容服务
8307,密迪斯肌,医疗及医学美容服务
1509,和美医疗,医疗及医学美容服务
2293,百本医护,医疗及医学美容服务
8603,亮晴控股,医疗及医学美容服务
1302,先健科技,医疗保健设备
1612,永胜医疗,医疗保健设备
853,微创医疗,医疗保健设备
1066,威高股份,医疗保健设备
1789,爱康医疗,医疗保健设备
9997,康基医疗,医疗保健设备
2500,启明医疗-B,医疗保健设备
9996,沛嘉医疗-B,医疗保健设备
8158,中国再生医学,医疗保健设备
1358,普华和顺,医疗保健设备
8513,官酝控股,医疗保健设备
1931,华检医疗,医疗保健设备
1501,康德莱医械,医疗保健设备
1858,春立医疗,医疗保健设备
876,佳兆业健康,医疗保健设备
3600,现代牙科,医疗保健设备
1726,HKE HOLDINGS,医疗保健设备
2393,巨星医疗控股,医疗保健设备
1696,复锐医疗科技,医疗保健设备
648,中国华仁医疗-新,医疗保健设备
673,中国卫生集团,医疗保健设备
1298,云能国际,医疗保健设备
1177,中国生物制药,药品
1093,石药集团,药品
2186,绿叶制药,药品
241,阿里健康,药品
911,前海健康,药品
1801,信达生物,药品
460,四环医药,药品
1530,三生制药,药品
2005,石四药集团,药品
1099,国药控股,药品
3320,华润医药,药品
6996,德琪医药-B,药品
867,康哲药业,药品
2196,复星医药,药品
858,精优药业,药品
775,长江生命科技,药品
6618,京东健康,药品
2633,雅各臣科研制药,药品
1558,东阳光药,药品
575,励晶太平洋,药品
3933,联邦制药,药品
2607,上海医药,药品
3692,翰森制药,药品
1513,丽珠医药,药品
503,朗生医药,药品
2096,先声药业,药品
574,百信国际,药品
8026,朗华国际集团,药品
512,远大医药,药品
690,联康生物科技集团,药品
3390,满贯集团,药品
1681,康臣药业,药品
1652,福森药业,药品
950,李氏大药厂,药品
9989,海普瑞,药品
6833,兴科蓉医药,药品
1763,中国同辐,药品
719,山东新华制药股份,药品
1011,泰凌医药,药品
3759,康龙化成,药品
8225,中国医疗集团,药品
3737,中智药业,药品
8329,海王英特龙,药品
932,顺腾国际控股,药品
2348,东瑞制药,药品
1061,亿胜生物科技,药品
2211,大健康国际(新),药品
9939,开拓药业-B,药品
1498,培力控股,药品
1110,金活医药集团,药品
1345,中国先锋医药,药品
8049,吉林长龙药业,药品
6896,金嗓子,药品
455,天大药业,药品
6893,衍生集团,药品
8372,君百延集团,药品
401,万嘉集团,药品
2289,创美药业,药品
2031,澳至尊,药品
239,白花油,药品
1889,三爱健康集团,药品
2010,瑞年国际,药品
6108,新锐医药,药品
6055,中烟香港,烟草
3800,保利协鑫能源,新能源物料
819,天能动力,新能源物料
757,阳光能源,新能源物料
712,卡姆丹克太阳能,新能源物料
968,信义光能,新能源物料
438,彩虹新能源,新能源物料
6865,福莱特玻璃,新能源物料
8137,洪桥集团,新能源物料
842,理士国际,新能源物料
951,超威动力,新能源物料
841,木薯资源,新能源物料
475,中发展控股,新能源物料
979,绿色能源科技集团,新能源物料
1399,锐信控股,新能源物料
8246,中华燃气,新能源物料
8111,中国科技产业集团,新能源物料
155,中国源畅,新能源物料
1043,光宇国际集团科技,新能源物料
8258,西北实业,新能源物料
1368,特步国际,鞋类
551,裕元集团,鞋类
1361,361度,鞋类
1121,宝峰时尚,鞋类
1836,九兴控股,鞋类
210,达芙妮国际,鞋类
1170,信星集团,鞋类
738,莱尔斯丹,鞋类
1028,千百度,鞋类
676,创信国际,鞋类
1998,飞克国际,鞋类
8032,非凡中国,消闲及文娱设施
419,华谊腾讯娱乐,消闲及文娱设施
2255,海昌海洋公园,消闲及文娱设施
1566,华夏文化科技,消闲及文娱设施
2309,伯明翰体育,消闲及文娱设施
1661,智美体育,消闲及文娱设施
1803,北京体育文化,消闲及文娱设施
8431,浩柏国际,消闲及文娱设施
8052,陆庆娱乐,消闲及文娱设施
6969,思摩尔国际,消费电子产品
751,创维集团,消费电子产品
1143,环亚国际医疗集团,消费电子产品
2358,久融控股,消费电子产品
370,国华,消费电子产品
1249,通力电子,消费电子产品
8005,裕兴科技,消费电子产品
259,亿都(国际控股),消费电子产品
482,圣马丁国际,消费电子产品
3882,天彩控股,消费电子产品
912,信佳国际,消费电子产品
40,金山工业,消费电子产品
485,中国华星,消费电子产品
1747,HOME CONTROL,消费电子产品
167,万威国际,消费电子产品
8419,AV策划推广,消费电子产品
186,敏捷控股,消费电子产品
328,爱高集团,消费电子产品
176,先机企业集团,消费电子产品
1123,中港照相,消费电子产品
927,富士高实业,消费电子产品
354,中国软件国际,系统开发及资讯科技顾问
3969,中国通号,系统开发及资讯科技顾问
9600,新纽科技,系统开发及资讯科技顾问
909,明源云,系统开发及资讯科技顾问
1147,伊登软件,系统开发及资讯科技顾问
8606,倢冠控股,系统开发及资讯科技顾问
1297,中国擎天软件,系统开发及资讯科技顾问
8178,中国信息科技,系统开发及资讯科技顾问
8081,恒泰裕集团,系统开发及资讯科技顾问
861,神州控股,系统开发及资讯科技顾问
1522,京投交通科技,系统开发及资讯科技顾问
8645,NOMAD TECH,系统开发及资讯科技顾问
8045,南大苏富特,系统开发及资讯科技顾问
1410,安领国际,系统开发及资讯科技顾问
1075,首都信息,系统开发及资讯科技顾问
3680,索信达控股,系统开发及资讯科技顾问
696,中国民航信息网络,系统开发及资讯科技顾问
250,中国数码信息,系统开发及资讯科技顾问
1613,协同通信,系统开发及资讯科技顾问
1450,世纪睿科,系统开发及资讯科技顾问
92,冠军科技集团,系统开发及资讯科技顾问
1686,新意网集团,系统开发及资讯科技顾问
771,自动系统,系统开发及资讯科技顾问
1037,云智汇科技,系统开发及资讯科技顾问
9698,万国数据-SW,系统开发及资讯科技顾问
1665,槟杰科达,系统开发及资讯科技顾问
2708,艾伯科技,系统开发及资讯科技顾问
8198,乐透互娱,系统开发及资讯科技顾问
1708,三宝科技,系统开发及资讯科技顾问
1402,超智能控股,系统开发及资讯科技顾问
1900,中国智能交通,系统开发及资讯科技顾问
8050,量子思维,系统开发及资讯科技顾问
1808,企展控股,系统开发及资讯科技顾问
8235,赛迪顾问,系统开发及资讯科技顾问
8065,高萌科技,系统开发及资讯科技顾问
553,南京熊猫电子股份,系统开发及资讯科技顾问
8013,ECI TECH,系统开发及资讯科技顾问
1782,飞思达科技,系统开发及资讯科技顾问
8420,NEXION TECH,系统开发及资讯科技顾问
1985,美高域,系统开发及资讯科技顾问
8017,捷利交易宝,系统开发及资讯科技顾问
8635,连成科技集团,系统开发及资讯科技顾问
8033,爱达利网络,系统开发及资讯科技顾问
46,科联系统,系统开发及资讯科技顾问
8036,电子交易集团,系统开发及资讯科技顾问
8205,交大慧谷,系统开发及资讯科技顾问
8229,FUTURE DATA,系统开发及资讯科技顾问
1949,PLATT NERA,系统开发及资讯科技顾问
1460,扬科集团,系统开发及资讯科技顾问
1087,威讯控股,系统开发及资讯科技顾问
8062,俊盟国际,系统开发及资讯科技顾问
1059,看通集团,系统开发及资讯科技顾问
862,远见控股,系统开发及资讯科技顾问
8048,御德国际控股,系统开发及资讯科技顾问
8092,ITE HOLDINGS,系统开发及资讯科技顾问
8060,国联通信,系统开发及资讯科技顾问
8249,瑞远智控,系统开发及资讯科技顾问
465,富通科技,系统开发及资讯科技顾问
1206,同方泰德,系统开发及资讯科技顾问
8319,思博系统,系统开发及资讯科技顾问
8611,MINDTELL TECH,系统开发及资讯科技顾问
9608,宋都服务,物业服务及管理
6666,恒大物业,物业服务及管理
2669,中海物业,物业服务及管理
3913,合景悠活,物业服务及管理
1995,永升生活服务,物业服务及管理
6098,碧桂园服务,物业服务及管理
108,国锐地产,物业服务及管理
3662,奥园健康,物业服务及管理
1209,华润万象生活,物业服务及管理
2869,绿城服务,物业服务及管理
2146,荣万家,物业服务及管理
1755,新城悦服务,物业服务及管理
873,世茂服务,物业服务及管理
9928,时代邻里,物业服务及管理
1516,融创服务,物业服务及管理
9979,绿城管理控股,物业服务及管理
9983,建业新生活,物业服务及管理
3319,雅生活服务,物业服务及管理
6049,保利物业,物业服务及管理
8242,新威斯顿,物业服务及管理
2156,建发物业,物业服务及管理
6958,正荣服务,物业服务及管理
1971,弘阳服务,物业服务及管理
9909,宝龙商业,物业服务及管理
1778,彩生活,物业服务及管理
1538,中奥到家,物业服务及管理
6677,远洋服务,物业服务及管理
2107,第一服务控股,物业服务及管理
6989,卓越商企服务,物业服务及管理
9666,金科服务,物业服务及管理
3316,滨江服务,物业服务及管理
1895,鑫苑服务,物业服务及管理
2168,佳兆业美好,物业服务及管理
1941,烨星集团,物业服务及管理
1502,金融街物业,物业服务及管理
1153,佳源服务,物业服务及管理
2606,蓝光嘉宝服务,物业服务及管理
9916,兴业物联,物业服务及管理
6093,和泓服务,物业服务及管理
1922,银城生活服务,物业服务及管理
8181,时时服务,物业服务及管理
3992,创毅控股,物业服务及管理
8426,雅居投资控股,物业服务及管理
2080,奥克斯国际,物业服务及管理
2310,时代环球集团,物业服务及管理
1417,浦江中国,物业服务及管理
788,中国铁塔,卫星及无线通讯
1045,亚太卫星,卫星及无线通讯
471,中播控股,卫星及无线通讯
633,中国全通,卫星及无线通讯
8545,佰悦集团,玩具及消闲用品
361,顺龙控股,玩具及消闲用品
6918,奇士达,玩具及消闲用品
869,彩星玩具,玩具及消闲用品
1348,滉达富控股,玩具及消闲用品
9992,泡泡玛特,玩具及消闲用品
8406,合宝丰年,玩具及消闲用品
381,侨雄国际,玩具及消闲用品
635,彩星集团,玩具及消闲用品
413,南华集团控股,玩具及消闲用品
348,中国智能健康,玩具及消闲用品
3830,童园国际,玩具及消闲用品
33,安山金控,玩具及消闲用品
1126,德林国际,玩具及消闲用品
6858,本间高尔夫,玩具及消闲用品
209,瀛晟科学,玩具及消闲用品
8147,汇思太平洋,玩具及消闲用品
3358,荣威国际,玩具及消闲用品
1005,美力时集团,玩具及消闲用品
114,兴利集团,玩具及消闲用品
180,开达集团,玩具及消闲用品
765,威发国际,玩具及消闲用品
1792,CMON,玩具及消闲用品
1051,国际资源,投资及资产管理
2799,中国华融,投资及资产管理
1227,国盛投资,投资及资产管理
1359,中国信达,投资及资产管理
6030,中信证券,投资及资产管理
204,中国投资开发,投资及资产管理
697,首程控股,投资及资产管理
1821,ESR,投资及资产管理
80,中国新经济投资,投资及资产管理
806,惠理集团,投资及资产管理
1191,中国中石控股,投资及资产管理
165,中国光大控股,投资及资产管理
372,保德国际发展,投资及资产管理
612,中国鼎益丰,投资及资产管理
993,华融金控,投资及资产管理
2312,中国金融租赁,投资及资产管理
901,金石投资集团,投资及资产管理
339,核心经济投资,投资及资产管理
1911,华兴资本控股,投资及资产管理
1697,山东国信,投资及资产管理
356,鼎立资本,投资及资产管理
851,盛源控股,投资及资产管理
129,泛海集团,投资及资产管理
111,信达国际控股,投资及资产管理
310,嘉进投资国际,投资及资产管理
613,梧桐国际,投资及资产管理
810,中国互联网投资,投资及资产管理
572,未来世界控股,投资及资产管理
8657,TRUE PARTNER,投资及资产管理
133,招商局中国基金,投资及资产管理
768,开明投资,投资及资产管理
1062,国开国际投资,投资及资产管理
666,新工投资,投资及资产管理
905,环球大通投资,投资及资产管理
1226,中国投融资,投资及资产管理
913,合一投资,投资及资产管理
214,汇汉控股,投资及资产管理
2324,首都创投,投资及资产管理
428,中国天弓控股,投资及资产管理
430,东方兴业控股,投资及资产管理
770,沪光国际,投资及资产管理
1140,华科资本,投资及资产管理
68,利兴发展,投资及资产管理
174,盛洋投资,投资及资产管理
1041,林达控股,投资及资产管理
8025,亚洲资产,投资及资产管理
8088,汇友生命科学,投资及资产管理
721,中国金融国际,投资及资产管理
1217,中国创新投资,投资及资产管理
1160,优创金融,投资及资产管理
1835,瑞威资管,投资及资产管理
1208,五矿资源,铜
358,江西铜业股份,铜
985,中誉集团,铜
1258,中国有色矿业,铜
1636,中国金属利用,铜
661,中国大冶有色金属,铜
3939,万国国际矿业,铜
2336,海亮国际,铜
976,齐合环保,铜
505,兴业合金,铜
8007,环球战略集团,铜
995,安徽皖通高速公路,铁路及公路
548,深圳高速公路股份,铁路及公路
2169,沧港铁路,铁路及公路
1052,越秀交通基建,铁路及公路
177,江苏宁沪高速公路,铁路及公路
576,浙江沪杭甬,铁路及公路
152,深圳国际,铁路及公路
107,四川成渝高速公路,铁路及公路
269,中国资源交通,铁路及公路
737,湾区发展,铁路及公路
1576,齐鲁高速,铁路及公路
1823,华昱高速,铁路及公路
80737,湾区发展-R,铁路及公路
1785,成都高速,铁路及公路
1950,深蓝科技控股,特殊化工用品
990,荣晖国际,特殊化工用品
338,上海石油化工股份,特殊化工用品
378,五龙动力,特殊化工用品
189,东岳集团,特殊化工用品
1907,中国旭阳集团,特殊化工用品
362,信阳毛尖,特殊化工用品
2322,香港潮商集团,特殊化工用品
1561,联洋智能控股,特殊化工用品
1986,彩客化学,特殊化工用品
9936,稀美资源,特殊化工用品
2341,中怡国际,特殊化工用品
2198,中国三江化工,特殊化工用品
408,叶氏化工集团,特殊化工用品
9933,GHW INTL,特殊化工用品
609,天德化工,特殊化工用品
746,理文化工,特殊化工用品
301,三和精化,特殊化工用品
640,星谦发展,特殊化工用品
2116,江苏创新,特殊化工用品
660,玮俊生物科技,特殊化工用品
8139,长安仁恒,特殊化工用品
1047,毅兴行,特殊化工用品
67,旭光高新材料,特殊化工用品
1863,中国龙天集团,特殊化工用品
1932,中漆集团,特殊化工用品
1861,保宝龙科技,特殊化工用品
270,粤海投资,水务
371,北控水务集团,水务
1026,环球实业科技,水务
855,中国水务,水务
6839,云南水务,水务
1065,天津创业环保股份,水务
3768,滇池水务,水务
807,上海实业环境,水务
1790,达力环保,水务
6136,康达环保,水务
1857,中国光大水务,水务
646,中国环保科技,水务
1129,中国水业集团,水务
1542,台州水务,水务
8196,建禹集团,水务
967,桑德国际,水务
1363,中滔环保,水务
1395,强泰环保,水务
2281,兴泸水务,水务
30,万隆控股集团,食品添加剂
3318,中国波顿,食品添加剂
546,阜丰集团,食品添加剂
1579,颐海国际,食品添加剂
336,华宝国际,食品添加剂
1084,绿新亲水胶体,食品添加剂
2226,老恒和酿造,食品添加剂
1695,椰丰集团,食品添加剂
954,常茂生物,食品添加剂
2317,味丹国际,食品添加剂
1587,欣融国际,食品添加剂
1951,锦欣生殖,生物技术
1873,维亚生物,生物技术
2269,药明生物,生物技术
1521,方达控股,生物技术
9926,康方生物-B,生物技术
1548,金斯瑞生物科技,生物技术
9969,诺诚健华-B,生物技术
9966,康宁杰瑞制药-B,生物技术
3681,中国抗体-B,生物技术
1477,欧康维视生物-B,生物技术
2616,基石药业-B,生物技术
6998,嘉和生物-B,生物技术
2142,和铂医药-B,生物技术
1167,加科思-B,生物技术
1672,歌礼制药-B,生物技术
2126,药明巨诺-B,生物技术
1877,君实生物,生物技术
6160,百济神州,生物技术
3347,泰格医药,生物技术
928,莲和医疗,生物技术
6855,亚盛医药-B,生物技术
6185,康希诺生物-B,生物技术
9995,荣昌生物-B,生物技术
1349,复旦张江,生物技术
2359,药明康德,生物技术
6978,永泰生物-B,生物技术
6826,昊海生物科技,生物技术
2552,华领医药-B,生物技术
1952,云顶新耀-B,生物技术
6118,奥星生命科技,生物技术
2181,迈博药业-B,生物技术
2696,复宏汉霖-B,生物技术
1875,东曜药业-B,生物技术
9688,再鼎医药-SB,生物技术
8622,华康生物医学,生物技术
3839,正大企业国际,生物技术
8247,中生北控生物科技,生物技术
1766,中国中车,商业用车及货车
716,胜狮货柜,商业用车及货车
489,东风集团股份,商业用车及货车
2338,潍柴动力,商业用车及货车
3898,中车时代电气,商业用车及货车
476,中国动力控股,商业用车及货车
1122,庆铃汽车股份,商业用车及货车
3808,中国重汽,商业用车及货车
317,中船防务,商业用车及货车
2039,中集集团,商业用车及货车
1899,兴达国际,商业用车及货车
1839,中集车辆,商业用车及货车
1596,翼辰实业,商业用车及货车
1192,泰山石化,商业用车及货车
103,首长宝佳,商业用车及货车
6163,彭顺国际,商业用车及货车
729,五龙电动车,商业用车及货车
268,金蝶国际,软件开发
302,中手游,软件开发
799,IGG,软件开发
3888,金山软件,软件开发
2100,百奥家庭互动,软件开发
1119,创梦天地,软件开发
3738,阜博集团,软件开发
1745,驴迹科技,软件开发
1909,火岩控股,软件开发
6820,友谊时光,软件开发
3798,家乡互动,软件开发
2400,心动公司,软件开发
596,浪潮国际,软件开发
9999,网易-S,软件开发
800,A8新媒体,软件开发
777,网龙,软件开发
9990,祖龙娱乐,软件开发
1675,亚信科技,软件开发
1679,瑞斯康集团,软件开发
434,博雅互动,软件开发
2660,禅游科技,软件开发
1980,天鸽互动,软件开发
3315,金邦达宝嘉,软件开发
1588,畅捷通,软件开发
8131,辰罡科技,软件开发
797,第七大道,软件开发
418,方正控股,软件开发
6933,新娱科控股,软件开发
3601,鲁大师,软件开发
6860,指尖悦动,软件开发
6899,联众,软件开发
802,中国钱包,软件开发
1961,九尊数字互娱,软件开发
8353,安科系统,软件开发
8255,神州数字,软件开发
8106,升华兰德,软件开发
1022,飞鱼科技,软件开发
8282,智傲控股,软件开发
885,仁天科技控股,软件开发
8119,即时科研,软件开发
8165,华普智通,软件开发
8148,奥柏中国,软件开发
8018,汇财金融投资,软件开发
8267,蓝港互动,软件开发
8290,亚势备份,软件开发
2022,游莱互动,软件开发
1933,元力控股,软件开发
1117,现代牧业,乳制品
6186,中国飞鹤,乳制品
2319,蒙牛乳业,乳制品
1432,中国圣牧,乳制品
1431,原生态牧业,乳制品
1492,中地乳业,乳制品
1717,澳优,乳制品
1230,雅士利国际,乳制品
1533,庄园牧场,乳制品
462,天然乳品,乳制品
3,香港中华煤气,燃气供应
135,昆仑能源,燃气供应
603,中油燃气,燃气供应
956,新天绿色能源,燃气供应
384,中国燃气,燃气供应
1193,华润燃气,燃气供应
1083,港华燃气,燃气供应
392,北京控股,燃气供应
2688,新奥能源,燃气供应
1600,天伦燃气,燃气供应
2337,众诚能源,燃气供应
3633,中裕燃气,燃气供应
1635,大众公用,燃气供应
681,中民控股,燃气供应
9908,嘉兴燃气,燃气供应
1759,中油洁能控股,燃气供应
2886,滨海投资,燃气供应
1430,苏创燃气,燃气供应
8117,中国基础能源,燃气供应
1265,天津津燃公用,燃气供应
6828,北京燃气蓝天,燃气供应
1096,中能国际控股,燃气供应
43,卜蜂国际,禽畜饲料
1936,RITAMIX,禽畜饲料
3999,大成食品,禽畜饲料
1610,中粮家佳康,禽畜肉类
288,万洲国际,禽畜肉类
9977,凤祥股份,禽畜肉类
1068,雨润食品,禽畜肉类
1340,惠生国际,禽畜肉类
8179,百利达集团控股,禽畜肉类
1699,普甜食品,禽畜肉类
526,中国汽车新零售,汽车零售商
881,中升控股,汽车零售商
3669,永达汽车,汽车零售商
1728,正通汽车,汽车零售商
1959,世纪联合控股,汽车零售商
1268,美东汽车,汽车零售商
1872,冠轈控股,汽车零售商
8123,华亿金控,汽车零售商
970,耀莱集团,汽车零售商
1293,广汇宝信,汽车零售商
3836,和谐汽车,汽车零售商
543,太平洋网络,汽车零售商
138,中建富通,汽车零售商
1139,华多利集团,汽车零售商
693,陈唱国际,汽车零售商
8126,G.A.控股,汽车零售商
1771,新丰泰集团,汽车零售商
1316,耐世特,汽车零件
1188,正道集团,汽车零件
305,五菱汽车,汽车零件
1269,首控集团,汽车零件
6830,华众车载,汽车零件
1057,浙江世宝,汽车零件
3606,福耀玻璃,汽车零件
564,郑煤机,汽车零件
1148,新晨动力,汽车零件
425,敏实集团,汽车零件
1571,信邦控股,汽车零件
1760,英恒科技,汽车零件
179,德昌电机控股,汽车零件
8328,信义香港,汽车零件
360,新焦点,汽车零件
872,启迪国际,汽车零件
2339,京西国际,汽车零件
1809,浦林成山,汽车零件
6162,天瑞汽车内饰,汽车零件
3663,协众国际控股,汽车零件
1241,双桦控股,汽车零件
2488,元征科技,汽车零件
2025,瑞丰动力,汽车零件
48,中国汽车内饰,汽车零件
8135,正美丰业,汽车零件
6928,TOMO HOLDINGS,汽车零件
2238,广汽集团,汽车
175,吉利汽车,汽车
2333,长城汽车,汽车
1958,北京汽车,汽车
1211,比亚迪股份,汽车
1114,华晨中国,汽车
1585,雅迪控股,汽车
1365,润东汽车,汽车
720,意达利控股,汽车
422,越南制造加工出口,汽车
479,华建控股,汽车
8265,中国之信集团,汽车
883,中国海洋石油,气油生产商
386,中国石油化工股份,气油生产商
857,中国石油股份,气油生产商
1940,CGII HLDGS,气油生产商
346,延长石油国际,气油生产商
342,新海能源,气油生产商
8347,F8企业,气油生产商
2686,亚美能源,气油生产商
467,联合能源集团,气油生产商
228,中能控股,气油生产商
702,中国油气控股,气油生产商
689,长盈集团(控股),气油生产商
1555,MI能源,气油生产商
567,大昌微线集团,气油生产商
8536,TL NATURAL GAS,气油生产商
1101,华荣能源,气油生产商
632,中港石油,气油生产商
91,金禧国际控股,气油生产商
8631,申港控股,气油生产商
8011,百田石油,气油生产商
8270,中国煤层气,气油生产商
650,IDG能源投资,气油生产商
8479,金泰丰国际控股,气油生产商
2728,金泰能源控股,气油生产商
8009,华夏能源控股,气油生产商
1621,域高国际控股,气油生产商
2012,阳光油砂,气油生产商
3395,PERSTA,气油生产商
332,元亨燃气,气油生产商
852,海峡石油化工,气油生产商
8132,中油港燃,气油生产商
2883,中海油田服务,气油设备与服务
600,中国基建投资,气油设备与服务
2386,中石化炼化工程,气油设备与服务
1033,中石化油服,气油设备与服务
196,宏华集团,气油设备与服务
353,能源国际投资,气油设备与服务
3899,中集安瑞科,气油设备与服务
3337,安东油田服务,气油设备与服务
934,中石化冠德,气油设备与服务
2178,百勤油服,气油设备与服务
568,山东墨龙,气油设备与服务
3303,巨涛海洋石油服务,气油设备与服务
1623,海隆控股,气油设备与服务
1251,华油能源,气油设备与服务
1156,CHINANEWENERGY,气油设备与服务
206,华商国际海洋控股,气油设备与服务
1938,珠江钢管,气油设备与服务
1080,胜利管道,气油设备与服务
2236,惠生工程,气油设备与服务
554,汉思能源,气油设备与服务
1921,达力普控股,气油设备与服务
1448,福寿园,其他支援服务
1463,C-LINK SQ,其他支援服务
8462,桥英控股,其他支援服务
8293,星亚控股,其他支援服务
6812,永顺控股香港,其他支援服务
1650,HYGIEIA GROUP,其他支援服务
8315,长城汇理,其他支援服务
145,香港建屋贷款,其他支援服务
8320,沛然环保,其他支援服务
8309,万成环球控股,其他支援服务
8418,傲迪玛汽车,其他支援服务
922,安贤园中国,其他支援服务
6819,中智全球,其他支援服务
8042,高奥士国际,其他支援服务
2189,嘉涛(香港)控股,其他支援服务
1397,碧瑶绿色集团,其他支援服务
8296,中国生命集团,其他支援服务
6919,人瑞人才,其他支援服务
8441,国际永胜集团,其他支援服务
6100,同道猎聘,其他支援服务
1955,庄臣控股,其他支援服务
8483,名仕快相,其他支援服务
8201,宝联控股,其他支援服务
1586,中国力鸿,其他支援服务
8067,东方大学城控股,其他支援服务
1989,松龄护老集团,其他支援服务
8031,易通讯集团,其他支援服务
2180,万宝盛华,其他支援服务
8405,恒智控股,其他支援服务
309,新华通讯频媒,其他支援服务
8283,正力控股,其他支援服务
79,世纪建业,其他支援服务
8108,福泽集团,其他支援服务
445,中集天达,其他支援服务
2662,承兴国际控股,其他支援服务
1328,金涌投资,其他支援服务
8260,银合控股,其他支援服务
8027,吉辉控股,其他支援服务
8472,立高控股,其他支援服务
2225,今海国际,其他支援服务
1939,东京中央拍卖,其他支援服务
6966,中国万桐园,其他支援服务
3389,亨得利,其他零售商
178,莎莎国际,其他零售商
1929,周大福,其他零售商
1942,MOG HOLDINGS,其他零售商
973,欧舒丹,其他零售商
398,东方表行集团,其他零售商
1815,金猫银猫,其他零售商
116,周生生,其他零售商
887,英皇钟表珠宝,其他零售商
590,六福集团,其他零售商
8473,弥明生活百货,其他零售商
2122,凯知乐国际,其他零售商
1466,钱唐控股,其他零售商
97,恒基发展,其他零售商
273,茂宸集团,其他零售商
1470,富一国际控股,其他零售商
8200,修身堂,其他零售商
8436,德宝集团控股,其他零售商
1386,国投集团控股,其他零售商
417,谢瑞麟,其他零售商
84,宝光实业,其他零售商
104,冠亚商业,其他零售商
157,自然美,其他零售商
2882,香港资源控股,其他零售商
444,先施表行,其他零售商
8340,域高金融,其他金融
982,华金国际资本,其他金融
388,香港交易所,其他金融
2680,创陞控股,其他金融
1945,清科创业,其他金融
8295,中植资本国际,其他金融
863,BC科技集团,其他金融
3623,中国金融发展,其他金融
8193,亚太金融投资,其他金融
188,新华汇富金融,其他金融
3938,LFG投资控股,其他金融
1260,皓天财经集团,其他金融
8333,阿仕特朗金融,其他金融
8168,宝积资本,其他金融
8149,浩德控股,其他金融
8221,PF GROUP,其他金融
8072,罗马集团,其他金融
8439,新百利融资,其他金融
8452,富银融资股份,其他金融
8365,建泉国际控股,其他金融
1910,新秀丽,其他服饰配件
1962,训修实业,其他服饰配件
1913,普拉达,其他服饰配件
1731,其利工业集团,其他服饰配件
1134,恒发光学,其他服饰配件
1842,植华集团,其他服饰配件
1150,米兰站,其他服饰配件
1023,时代集团控股,其他服饰配件
1100,飞达控股,其他服饰配件
907,高雅光学,其他服饰配件
8269,富誉控股,其他服饰配件
1058,粤海制革,其他服饰配件
113,迪生创建,其他服饰配件
2683,华新手袋国际控股,其他服饰配件
6838,盈利时,其他服饰配件
1120,雅视光学,其他服饰配件
125,新兴光学,其他服饰配件
264,中联发展控股,其他服饰配件
2011,中国恒泰集团,其他服饰配件
8285,森浩集团,其他服饰配件
682,超大现代,农产品
3838,中国淀粉,农产品
73,亚洲果业,农产品
8609,永续农业,农产品
926,碧生源,农产品
677,金源米业,农产品
875,中国金控,农产品
1854,展程控股,农产品
3889,大成糖业,农产品
411,南顺(香港),农产品
904,中绿,农产品
969,华联国际,农产品
6183,中国绿宝,农产品
1088,中国神华,煤炭
1898,中煤能源,煤炭
1171,兖州煤业股份,煤炭
578,融信资源,煤炭
975,蒙古焦煤,煤炭
1733,易大宗,煤炭
639,首钢资源,煤炭
276,蒙古能源,煤炭
1393,恒鼎实业,煤炭
1277,力量能源,煤炭
8250,丝路能源,煤炭
1229,南南资源,煤炭
2798,久泰邦达能源,煤炭
61,绿领控股,煤炭
645,安域亚洲,煤炭
65,弘海高新资源,煤炭
866,中国秦发,煤炭
6885,金马能源,煤炭
704,和嘉控股,煤炭
3948,伊泰煤炭,煤炭
1738,飞尚无烟煤,煤炭
3668,兖煤澳大利亚,煤炭
1573,南方能源,煤炭
307,优派能源发展,煤炭
1131,鸿宝资源,煤炭
1878,南戈壁-S,煤炭
1303,汇力资源,煤炭
2600,中国铝业,铝
1378,中国宏桥,铝
1333,中国忠旺,铝
486,俄铝,铝
2078,荣阳实业,铝
98,兴发铝业,铝
678,云顶香港,旅游及观光
234,新世纪集团,旅游及观光
308,香港中旅,旅游及观光
699,神州租车,旅游及观光
780,同程艺龙,旅游及观光
1701,途屹控股,旅游及观光
1383,太阳城集团,旅游及观光
8095,北大青鸟环宇,旅游及观光
6882,东瀛游,旅游及观光
71,美丽华酒店,旅游及观光
487,实德环球,旅游及观光
8668,瀛海集团,旅游及观光
1901,飞扬集团,旅游及观光
3399,粤运交通,旅游及观光
8069,纵横游控股,旅游及观光
265,东胜旅游,旅游及观光
8063,环球大通集团,旅游及观光
254,国家联合资源,旅游及观光
1235,专业旅运,旅游及观光
1620,加达控股,旅游及观光
750,水发兴业能源,楼宇建造
8460,基地锦标集团,楼宇建造
1647,雄岸科技,楼宇建造
1499,欧科云链,楼宇建造
1183,澳能建设,楼宇建造
8341,艾硕控股,楼宇建造
8125,仁德资源,楼宇建造
9913,智勤控股,楼宇建造
8373,靛蓝星,楼宇建造
8053,比优集团,楼宇建造
8411,K W NELSON GP,楼宇建造
1630,建成控股,楼宇建造
1609,创建集团控股,楼宇建造
1315,允升国际,楼宇建造
2115,捷心隆,楼宇建造
1683,旷逸国际,楼宇建造
8619,WAC HOLDINGS,楼宇建造
1727,河北建设,楼宇建造
9929,澳达控股,楼宇建造
1741,日赢控股,楼宇建造
8616,新威工程集团,楼宇建造
1429,天任集团,楼宇建造
630,隽泰控股,楼宇建造
1855,中邦环境,楼宇建造
1977,安乐工程,楼宇建造
1793,伟工控股,楼宇建造
1408,濠江机电,楼宇建造
1953,RIMBACO,楼宇建造
1802,文业集团,楼宇建造
1599,城建设计,楼宇建造
8532,宝发控股,楼宇建造
8535,荧德控股,楼宇建造
2296,华记环球集团,楼宇建造
1283,高陞集团控股,楼宇建造
1427,中国天保集团,楼宇建造
9938,华和控股,楼宇建造
6080,荣智控股,楼宇建造
8360,利骏集团香港,楼宇建造
1416,CTR HOLDINGS,楼宇建造
2227,守益控股,楼宇建造
896,兴胜创建,楼宇建造
1591,汛和集团,楼宇建造
9900,德益控股,楼宇建造
8402,GT STEEL GROUP,楼宇建造
8259,HON CORP,楼宇建造
1376,RAFFLESINTERIOR,楼宇建造
9998,光荣控股,楼宇建造
8208,WMCH GLOBAL,楼宇建造
3708,中国供应链产业,楼宇建造
3728,正利控股,楼宇建造
1742,HPC HOLDINGS,楼宇建造
830,中国建筑兴业,楼宇建造
368,德合集团,楼宇建造
8275,永勤集团控股,楼宇建造
6063,智中国际,楼宇建造
747,渖阳公用发展股份,楼宇建造
577,南岸集团,楼宇建造
1500,现恒建筑,楼宇建造
1735,中环控股,楼宇建造
599,怡邦行控股,楼宇建造
1637,顺兴集团控股,楼宇建造
8021,汇隆控股,楼宇建造
1667,进阶发展,楼宇建造
1253,中国绿地博大绿泽,楼宇建造
2448,恒宇集团,楼宇建造
1547,IBI GROUP HLDGS,楼宇建造
6189,爱得威建设集团,楼宇建造
2663,应力控股,楼宇建造
1271,佳明集团控股,楼宇建造
331,丰盛服务集团,楼宇建造
8039,中国卓银,楼宇建造
6829,龙升集团控股,楼宇建造
2113,世纪集团国际,楼宇建造
3321,伟鸿集团控股,楼宇建造
2355,宝业集团,楼宇建造
8173,万亚企业控股,楼宇建造
1943,银涛控股,楼宇建造
1420,川控股,楼宇建造
498,保华集团,楼宇建造
1162,莹岚集团,楼宇建造
994,中天宏信,楼宇建造
1447,新福港,楼宇建造
2789,远大中国,楼宇建造
784,凌锐控股,楼宇建造
1746,万顺集团控股,楼宇建造
1459,巨匠建设,楼宇建造
8526,荣丰集团亚洲,楼宇建造
1582,华营建筑,楼宇建造
3878,VICON HOLDINGS,楼宇建造
1826,旭通控股,楼宇建造
1870,益美国际控股,楼宇建造
1495,集一控股,楼宇建造
983,瑞安建业,楼宇建造
1920,恒新丰控股,楼宇建造
2340,升捷控股,楼宇建造
1633,上谕集团,楼宇建造
1796,耀高控股,楼宇建造
2262,梁志天设计集团,楼宇建造
385,建联集团,楼宇建造
8445,怡康泰工程集团,楼宇建造
1615,奥邦建筑,楼宇建造
3789,御佳控股,楼宇建造
2266,黎氏企业,楼宇建造
8170,全民国际,楼宇建造
2017,沧海控股,楼宇建造
1556,建业建荣,楼宇建造
1568,承达集团,楼宇建造
1581,进升集团控股,楼宇建造
8023,邝文记,楼宇建造
406,有利集团,楼宇建造
1220,志道国际,楼宇建造
153,中国赛特,楼宇建造
1486,思城控股,楼宇建造
1462,金诚控股,楼宇建造
8268,智城发展控股,楼宇建造
8262,宏强控股,楼宇建造
1627,安保工程控股,楼宇建造
8423,CHI HO DEV,楼宇建造
8455,礼建德集团,楼宇建造
6038,信越控股,楼宇建造
1693,璋利国际,楼宇建造
2863,高丰集团控股,楼宇建造
1552,BHCC HOLDING,楼宇建造
1546,德莱建业,楼宇建造
1722,建鹏控股,楼宇建造
8422,WT集团,楼宇建造
8501,庄皇集团公司,楼宇建造
6182,乙德投资控股,楼宇建造
8040,DCB控股,楼宇建造
1690,立基工程控股,楼宇建造
1751,景联集团,楼宇建造
1739,齐屹科技,楼宇建造
1783,金仑控股有限公司,楼宇建造
1850,海鑫集团,楼宇建造
1897,美亨实业,楼宇建造
1780,B & D STRATEGIC,楼宇建造
1867,乐嘉思控股,楼宇建造
924,坤集团,楼宇建造
1069,宝沙发展,林业及木材
94,绿心集团,林业及木材
8191,鸿伟亚洲,林业及木材
1580,大森控股,林业及木材
8186,同仁资源,林业及木材
1885,中国优材,林业及木材
1822,中木国际,林业及木材
723,信保环球控股,林业及木材
706,美丽中国控股,林业及木材
8277,骏东控股,林业及木材
291,华润啤酒,酒精饮料
1876,百威亚太,酒精饮料
530,高银金融,酒精饮料
8057,麦迪森控股,酒精饮料
168,青岛啤酒股份,酒精饮料
389,通天酒业,酒精饮料
886,银基集团,酒精饮料
828,王朝酒业,酒精饮料
472,新丝路文旅,酒精饮料
1389,美捷汇控股,酒精饮料
8146,怡园酒业,酒精饮料
8509,威扬酒业控股,酒精饮料
236,香港生力啤,酒精饮料
8116,中国幸福投资,酒精饮料
8301,明华科技,酒精饮料
1215,开源控股,酒店及度假村
559,德泰新能源集团,酒店及度假村
2006,锦江资本,酒店及度假村
69,香格里拉(亚洲),酒店及度假村
1189,大湾区聚变力量,酒店及度假村
582,蓝鼎国际,酒店及度假村
8237,华星控股,酒店及度假村
542,富元国际集团,酒店及度假村
1992,复星旅游文化,酒店及度假村
355,世纪城市国际,酒店及度假村
1270,朗廷-SS,酒店及度假村
169,万达酒店发展,酒店及度假村
201,华大酒店,酒店及度假村
45,大酒店,酒店及度假村
78,富豪酒店,酒店及度假村
22,茂盛控股,酒店及度假村
617,百利保控股,酒店及度假村
219,顺豪物业,酒店及度假村
8308,古兜控股,酒店及度假村
1221,信和酒店,酒店及度假村
292,泛海酒店,酒店及度假村
1179,华住集团-S,酒店及度假村
1355,朸濬国际,酒店及度假村
184,激成投资,酒店及度假村
51,海港企业,酒店及度假村
253,顺豪控股,酒店及度假村
181,闽港控股,酒店及度假村
557,天元医疗,酒店及度假村
1158,开元酒店,酒店及度假村
1832,海天地悦旅,酒店及度假村
1765,希望教育,教育
1317,枫叶教育,教育
1769,思考乐教育,教育
667,中国东方教育,教育
6169,宇华教育,教育
1773,天立教育,教育
1797,新东方在线,教育
1569,民生教育,教育
2371,创联教育金融,教育
1565,成实外教育,教育
382,中汇集团,教育
2001,新高教集团,教育
839,中教控股,教育
6068,睿见教育,教育
1593,辰林教育,教育
9986,大山教育,教育
1890,中国科培,教育
1449,立德教育,教育
1598,21世纪教育,教育
1935,嘉宏教育,教育
3978,卓越教育集团,教育
8160,GOLDWAY EDU,教育
8055,中国网络信息科技,教育
1756,华立大学集团,教育
2779,中国新华教育,教育
9616,东软教育,教育
1758,博骏教育,教育
1082,香港教育国际,教育
1525,建桥教育,教育
8363,爵士芭蕾舞学院,教育
1752,澳洲成峰高教,教育
1775,精英汇集团,教育
9901,新东方-S,教育
1851,银杏教育,教育
1969,中国春来,教育
8206,神通机器人教育,教育
32,港通控股,教育
8417,大地教育,教育
1871,向中国际,教育
3323,中国建材,建筑材料
2009,金隅集团,建筑材料
2233,西部水泥,建筑材料
1313,华润水泥控股,建筑材料
1592,基石控股,建筑材料
914,海螺水泥,建筑材料
1102,环能国际,建筑材料
2163,远大住工,建筑材料
1312,同方康泰,建筑材料
1894,恒益控股,建筑材料
2128,中国联塑,建筑材料
1252,中国天瑞水泥,建筑材料
743,亚洲水泥(中国),建筑材料
8349,美固科技控股,建筑材料
6193,泰林科建,建筑材料
695,东吴水泥,建筑材料
380,冠力国际,建筑材料
1847,云南建投混凝土,建筑材料
1937,佳辰控股,建筑材料
691,山水水泥,建筑材料
2060,浦江国际,建筑材料
366,陆氏集团(越南),建筑材料
1653,MOS HOUSE,建筑材料
8227,海天天线控股,建筑材料
701,北海集团,建筑材料
1118,高力集团,建筑材料
8427,瑞强集团,建筑材料
58,新威国际,建筑材料
1070,TCL电子,家庭电器
6690,海尔智家,家庭电器
1691,JS环球生活,家庭电器
2148,VESYNC,家庭电器
921,海信家电,家庭电器
669,创科实业,家庭电器
638,建溢集团,家庭电器
1455,科利实业控股,家庭电器
464,中国海外诺信,家庭电器
2014,浩泽净水,家庭电器
2381,蚬壳电业,家庭电器
1692,登辉控股,家庭电器
684,亚伦国际,家庭电器
229,利民实业,家庭电器
833,华讯,家庭电器
449,志高控股,家庭电器
943,中证国际,家具
1999,敏华控股,家具
2127,汇森家居,家具
713,世界(集团),家具
6993,蓝月亮集团,家具
1086,好孩子国际,家具
3893,易纬集团,家具
1715,米技国际控股,家具
8512,凯富善集团控股,家具
2222,雷士国际,家具
8547,PACIFIC LEGEND,家具
776,帝国集团环球控股,家具
2223,卡撒天娇,家具
531,顺诚,家具
1925,旷世控股,家具
8392,舍图控股,家具
8395,齐家控股,家具
8370,智升集团控股,家具
8118,濠亮环球,家具
396,兴利(香港)控股,家具
8150,无缝绿色,家具
837,谭木匠,家具
1198,皇朝家居,家具
2083,大自然家居,家具
1868,同方友友,家具
1027,中国集成控股,家具
8222,壹照明,家具
1237,中科生物,家具
1190,航标控股,家具
2023,中国绿岛科技,家具
1678,中创环球,家具
1418,盛诺集团,家具
6822,科劲国际,家具
1575,慕容控股,家具
8136,英马斯集团,家具
1781,新昌创展控股,家具
6908,宏光照明,家具
493,国美零售,家居装修零售商
1373,国际家居零售,家居装修零售商
1545,设计都会,家居装修零售商
1711,欧化,家居装修零售商
1049,时富投资,家居装修零售商
8101,壹家壹品,家居装修零售商
1280,奇点国际,家居装修零售商
2899,紫金矿业,黄金及贵金属
621,坛金矿业,黄金及贵金属
815,中国白银集团,黄金及贵金属
1787,山东黄金,黄金及贵金属
1818,招金矿业,黄金及贵金属
274,中富资源,黄金及贵金属
8162,港银控股,黄金及贵金属
2099,中国黄金国际,黄金及贵金属
1194,湾区黄金,黄金及贵金属
3330,灵宝黄金,黄金及贵金属
2303,恒兴黄金,黄金及贵金属
340,潼关黄金,黄金及贵金属
8299,大唐潼金,黄金及贵金属
1712,龙资源,黄金及贵金属
663,金山能源,黄金及贵金属
607,丰盛控股,环保工程
2727,上海电气,环保工程
2208,金风科技,环保工程
3718,北控城市资源,环保工程
1072,东方电气,环保工程
1330,绿色动力环保,环保工程
1185,中国航天万源,环保工程
586,海螺创业,环保工程
1196,伟禄集团,环保工程
658,中国高速传动,环保工程
2377,博奇环保,环保工程
2188,泰坦能源技术,环保工程
436,新宇环保,环保工程
1133,哈尔滨电气,环保工程
1296,国电科环,环保工程
1539,汇能集团,环保工程
895,东江环保,环保工程
8128,中国地热能,环保工程
1130,中国环境资源,环保工程
154,北京控股环境集团,环保工程
1597,纳泉能源科技,环保工程
556,泛亚环保,环保工程
3996,中国能源建设,环保工程
1845,维港环保科技,环保工程
6805,金茂源环保,环保工程
1685,博耳电力,环保工程
1527,天洁环境,环保工程
1272,大唐环境,环保工程
1452,迪诺斯环保,环保工程
8169,环康集团,环保工程
297,中化化肥,化肥及农用化合物
3983,中海石油化学,化肥及农用化合物
809,大成生化科技,化肥及农用化合物
1866,中国心连心化肥,化肥及农用化合物
509,世纪阳光,化肥及农用化合物
827,玖源集团,化肥及农用化合物
1073,大禹金融,化肥及农用化合物
1103,大生农业金融,化肥及农用化合物
8189,泰达生物,化肥及农用化合物
1702,东光化工,化肥及农用化合物
2866,中远海发,航运及港口
1919,中远海控,航运及港口
598,中国外运,航运及港口
144,招商局港口,航运及港口
2880,大连港,航运及港口
1138,中远海能,航运及港口
2343,太平洋航运,航运及港口
3378,厦门港务,航运及港口
1308,海丰国际,航运及港口
1199,中远海运港口,航运及港口
1145,勇利投资,航运及港口
8020,宏海控股集团,航运及港口
3382,天津港发展,航运及港口
6198,青岛港,航运及港口
2682,润利海事,航运及港口
1549,永丰集团控股,航运及港口
3369,秦港股份,航运及港口
351,亚洲能源物流,航运及港口
1732,象兴国际,航运及港口
6119,天源集团,航运及港口
6117,日照港裕廊,航运及港口
3683,荣丰联合控股,航运及港口
316,东方海外国际,航运及港口
137,金辉集团,航运及港口
1748,信源企业集团,航运及港口
560,珠江船务,航运及港口
935,龙翔集团,航运及港口
1719,中国通商集团,航运及港口
8502,远航港口,航运及港口
1903,JBB BUILDERS,航运及港口
2129,LEGION CONSO,航空货运及物流
8489,裕程物流,航空货运及物流
6123,圆通速递国际,航空货运及物流
2130,嘉泓物流,航空货运及物流
988,丝路物流控股,航空货运及物流
8482,万励达,航空货运及物流
636,嘉里物流,航空货运及物流
8292,盛良物流,航空货运及物流
1442,INFINITY L&T,航空货运及物流
925,北京建设,航空货运及物流
544,大同集团,航空货运及物流
500,先丰服务集团,航空货运及物流
8035,骏高控股,航空货运及物流
8430,春能控股,航空货运及物流
1737,亚洲实业集团,航空货运及物流
2057,中通快递-SW,航空货运及物流
6083,环宇物流(亚洲),航空货运及物流
8620,亚洲速运,航空货运及物流
1292,长安民生物流,航空货运及物流
6880,腾邦控股,航空货运及物流
1529,健升物流中国,航空货运及物流
2357,中航科工,航空航天与国防
31,航天控股,航空航天与国防
232,中国航空工业国际,航空航天与国防
753,中国国航,航空服务
1055,中国南方航空股份,航空服务
694,北京首都机场股份,航空服务
670,中国东方航空股份,航空服务
293,国泰航空,航空服务
357,美兰空港,航空服务
2588,中银航空租赁,航空服务
1848,中国飞机租赁,航空服务
2013,微盟集团,广告及宣传
1490,网上车市,广告及宣传
1753,兑吧,广告及宣传
6988,乐享互动,广告及宣传
8627,旅橙文化,广告及宣传
2131,云想科技,广告及宣传
1762,万咖壹联,广告及宣传
1351,辉煌明天,广告及宣传
8130,大地国际集团,广告及宣传
745,中国国家文化产业,广告及宣传
8500,天泓文创,广告及宣传
1860,汇量科技,广告及宣传
150,HYPEBEAST,广告及宣传
752,笔克远东,广告及宣传
8429,冰雪集团,广告及宣传
8403,天平道合,广告及宣传
1849,秀商时代控股,广告及宣传
8401,源想集团,广告及宣传
8121,超凡网络,广告及宣传
8003,世大控股,广告及宣传
1360,诺发集团,广告及宣传
8091,奥传思维控股,广告及宣传
623,中视金桥,广告及宣传
1761,宝宝树集团,广告及宣传
1716,毛记葵涌,广告及宣传
9919,艾德韦宣集团,广告及宣传
1640,瑞诚中国传媒,广告及宣传
1163,虎视传媒,广告及宣传
1831,十方控股,广告及宣传
205,财讯传媒,广告及宣传
100,白马户外媒体,广告及宣传
8202,汇创控股,广告及宣传
550,KK文化,广告及宣传
8112,基石金融,广告及宣传
1993,雅仕维,广告及宣传
8093,万星控股,广告及宣传
8238,惠陶集团,广告及宣传
6113,UTS MARKETING,广告及宣传
1917,豆盟科技,广告及宣传
8153,法诺集团,广播
3700,映客,广播
1859,煜盛文化,广播
2008,凤凰卫视,广播
1097,有线宽频,广播
8280,中国数字视频,广播
511,电视广播,广播
888,贝森金融,广播
525,广深铁路股份,公共运输
66,港铁公司,公共运输
62,载通,公共运输
77,进智公共交通,公共运输
306,冠忠巴士集团,公共运输
838,亿和控股,工业零件及器材
76,谊砾控股,工业零件及器材
1108,洛阳玻璃股份,工业零件及器材
580,赛晶科技,工业零件及器材
558,力劲科技,工业零件及器材
868,信义玻璃,工业零件及器材
1366,江南集团,工业零件及器材
1888,建滔积层板,工业零件及器材
3300,中国玻璃,工业零件及器材
822,嘉瑞国际,工业零件及器材
515,中华银科技,工业零件及器材
1611,火币科技,工业零件及器材
2346,星宇控股,工业零件及器材
1882,海天国际,工业零件及器材
1710,致丰工业电子,工业零件及器材
8623,中国蜀塔,工业零件及器材
118,大同机械,工业零件及器材
1930,勋龙,工业零件及器材
213,乐声电子,工业零件及器材
57,震雄集团,工业零件及器材
1002,威铖国际,工业零件及器材
148,建滔集团,工业零件及器材
1991,大洋集团,工业零件及器材
3393,威胜控股,工业零件及器材
2283,东江集团控股,工业零件及器材
929,国际精密,工业零件及器材
1286,鹰普精密,工业零件及器材
8506,福纺控股,工业零件及器材
2182,天长集团,工业零件及器材
365,芯成科技,工业零件及器材
8511,ZC TECH GP,工业零件及器材
1645,海纳智能,工业零件及器材
8073,兴业新材料,工业零件及器材
1750,全达电器集团控股,工业零件及器材
2788,精熙国际,工业零件及器材
3816,KFM金德,工业零件及器材
725,恒都集团,工业零件及器材
8080,北亚策略,工业零件及器材
641,中国恒天立信国际,工业零件及器材
42,东北电气,工业零件及器材
1967,信恳智能,工业零件及器材
1289,盛力达科技,工业零件及器材
8490,骏码科技,工业零件及器材
8646,中国宏光,工业零件及器材
1639,安捷利实业,工业零件及器材
1673,华章科技,工业零件及器材
894,万裕科技,工业零件及器材
1166,星凯控股,工业零件及器材
187,京城机电股份,工业零件及器材
840,天业节水,工业零件及器材
1536,煜荣集团,工业零件及器材
1184,时捷集团,工业零件及器材
1213,万保刚集团,工业零件及器材
96,友成控股,工业零件及器材
8375,弘浩国际控股,工业零件及器材
854,威雅利,工业零件及器材
6036,光丽科技,工业零件及器材
8617,永联丰控股,工业零件及器材
8113,扬宇科技,工业零件及器材
320,金宝通,工业零件及器材
679,亚洲联网科技,工业零件及器材
255,龙记集团,工业零件及器材
1480,恩达集团控股,工业零件及器材
8133,铸能控股,工业零件及器材
1743,苍南仪表,工业零件及器材
387,力丰(集团),工业零件及器材
2398,友佳国际,工业零件及器材
1651,津上机床中国,工业零件及器材
8070,侨洋国际控股,工业零件及器材
532,王氏港建,工业零件及器材
675,坚宝国际,工业零件及器材
889,连达科技控股,工业零件及器材
2323,融科控股,工业零件及器材
850,久康国际,工业零件及器材
8115,上海青浦消防,工业零件及器材
2345,上海集优,工业零件及器材
117,天利控股集团,工业零件及器材
591,中国高精密,工业零件及器材
3628,仁恒实业控股,工业零件及器材
8218,毅高国际控股,工业零件及器材
1656,亿仕登控股,工业零件及器材
3919,金力集团,工业零件及器材
8151,宝申控股,工业零件及器材
3302,光控精技,工业零件及器材
1725,恒达科技控股,工业零件及器材
2885,彼岸控股,工业零件及器材
1044,恒安国际,个人护理
3331,维达国际,个人护理
1112,H&H国际控股,个人护理
399,领航医药生物科技,个人护理
653,卓悦控股,个人护理
8163,领智金融,个人护理
3828,明辉国际,个人护理
1259,未来发展控股,个人护理
8451,日光控股,个人护理
3332,中生联合,个人护理
1173,威高国际,个人护理
1338,霸王集团,个人护理
8281,中国金典集团,个人护理
1029,铁货,钢铁
347,鞍钢股份,钢铁
826,天工国际,钢铁
323,马鞍山钢铁股份,钢铁
1104,亚太资源,钢铁
581,中国东方集团,钢铁
159,布莱克万矿业,钢铁
1266,西王特钢,钢铁
3788,中国罕王,钢铁
1116,美亚控股,钢铁
1053,重庆钢铁股份,钢铁
1203,广南(集团),钢铁
803,昌兴国际,钢铁
2738,华津国际控股,钢铁
2623,爱德新能源,钢铁
893,中国铁钛,钢铁
1001,沪港联合,钢铁
1553,迈科管业,钢铁
6890,康利国际控股,钢铁
1231,新矿资源,钢铁
1090,大明国际,钢铁
2112,优库资源,钢铁
1370,奥威控股,钢铁
24,宝威控股,钢铁
1721,FSM HOLDINGS,钢铁
6110,滔搏,服装零售商
1223,新沣集团,服装零售商
1817,慕尚集团控股,服装零售商
128,安宁控股,服装零售商
3813,宝胜国际,服装零售商
891,利邦,服装零售商
999,I.T,服装零售商
2528,尚晋国际控股,服装零售商
1255,TATA健康,服装零售商
483,包浩斯国际,服装零售商
1367,广州基金国际控股,服装零售商
3998,波司登,服装
2399,虎都,服装
2331,李宁,服装
1906,博尼控股,服装
3818,中国动向,服装
1709,德林控股,服装
2020,安踏体育,服装
8195,乐亚国际,服装
3398,华鼎控股,服装
3344,共享集团,服装
709,佐丹奴国际,服装
592,堡狮龙,服装
2313,申洲国际,服装
3709,赢家时尚,服装
918,国能国际资产,服装
330,思捷环球,服装
393,旭日企业,服装
1234,中国利郎,服装
2298,都市丽人,服装
2030,卡宾,服装
122,鳄鱼恤,服装
533,金利来集团,服装
1957,MBV INTL,服装
1825,STERLING GP,服装
3306,江南布衣,服装
8297,芭迪贝伊,服装
1247,米格国际控股,服装
3322,永嘉集团,服装
787,利标品牌,服装
2368,鹰美,服装
2199,维珍妮,服装
3860,尚捷集团控股,服装
1520,华信金融投资,服装
2232,晶苑国际,服装
1425,捷隆控股,服装
1025,嘉艺控股,服装
1388,安莉芳控股,服装
518,同得仕(集团),服装
6116,拉夏贝尔,服装
8507,爱世纪集团,服装
333,黛丽斯国际,服装
1982,南旋控股,服装
375,YGM贸易,服装
6288,迅销,服装
8107,威诚国际控股,服装
8456,民信国际控股,服装
294,长江制衣,服装
458,联亚集团,服装
608,达利国际,服装
643,恒富控股,服装
130,慕诗国际,服装
311,联泰控股,服装
1682,杭品生活科技,服装
238,长兴国际,服装
844,广泰国际控股,服装
1146,中国服饰控股,服装
540,迅捷环球控股,服装
1353,诺奇,服装
1532,中国派对文化,服装
1749,杉杉品牌,服装
1346,利华控股集团,服装
1657,桦欣控股,服装
322,康师傅控股,非酒精饮料
9633,农夫山泉,非酒精饮料
220,统一企业中国,非酒精饮料
1115,西藏水资源,非酒精饮料
1446,鸿福堂,非酒精饮料
506,中国食品,非酒精饮料
345,维他奶国际,非酒精饮料
2119,捷荣国际控股,非酒精饮料
359,海升果汁,非酒精饮料
2218,安德利果汁,非酒精饮料
6868,天福,非酒精饮料
8089,华人策略控股,非酒精饮料
364,区块链集团,非酒精饮料
2898,龙润茶,非酒精饮料
756,森美控股,非酒精饮料
8241,英记茶庄集团,非酒精饮料
1250,北控清洁能源集团,非传统/可再生能源
451,协鑫新能源,非传统/可再生能源
182,协合新能源,非传统/可再生能源
916,龙源电力,非传统/可再生能源
987,中国再生能源投资,非传统/可再生能源
1811,中广核新能源,非传统/可再生能源
1165,顺风清洁能源,非传统/可再生能源
3868,信义能源,非传统/可再生能源
257,光大环境,非传统/可再生能源
1799,新特能源,非传统/可再生能源
1798,大唐新能源,非传统/可再生能源
686,北京能源国际,非传统/可再生能源
295,江山控股,非传统/可再生能源
611,中国核能科技,非传统/可再生能源
3989,首创环境,非传统/可再生能源
1257,中国光大绿色环保,非传统/可再生能源
931,中国天然气,非传统/可再生能源
1381,粤丰环保,非传统/可再生能源
527,瑞风新能源,非传统/可再生能源
1004,中国智慧能源,非传统/可再生能源
1281,隆基泰和智慧能源,非传统/可再生能源
8326,同景新能源,非传统/可再生能源
1853,春城热力,非传统/可再生能源
90,普星能量,非传统/可再生能源
539,冠华国际控股,纺织品及布料
707,亚洲电视控股,纺织品及布料
1440,DEYUN HOLDING,纺织品及布料
1400,满地科技股份,纺织品及布料
1382,互太纺织,纺织品及布料
321,德永佳集团,纺织品及布料
1795,亚东集团,纺织品及布料
2111,超盈国际控股,纺织品及布料
2678,天虹纺织,纺织品及布料
2307,锦兴国际控股,纺织品及布料
2698,魏桥纺织,纺织品及布料
8521,智纺国际控股,纺织品及布料
1968,兴纺控股,纺织品及布料
8607,纳尼亚集团,纺织品及布料
420,福田实业,纺织品及布料
3608,永盛新材料,纺织品及布料
8211,浙江永安,纺织品及布料
8471,新达控股,纺织品及布料
8480,飞霓控股,纺织品及布料
528,金达控股,纺织品及布料
146,太平地毡,纺织品及布料
2228,中国节能海东青,纺织品及布料
2299,百宏实业,纺织品及布料
2123,金盾控股,纺织品及布料
3778,中国织材控股,纺织品及布料
8377,申酉控股,纺织品及布料
823,领展房产基金,房地产信托
1503,招商局商业房托,房地产信托
778,置富产业信托,房地产信托
405,越秀房产信托基金,房地产信托
2778,冠君产业信托,房地产信托
87001,汇贤产业信托,房地产信托
808,泓富产业信托,房地产信托
435,阳光房地产基金,房地产信托
1881,富豪产业信托,房地产信托
1275,开元产业信托,房地产信托
1426,春泉产业信托,房地产信托
312,岁宝百货,多元化零售商
2136,利福中国,多元化零售商
244,先施,多元化零售商
3368,百盛集团,多元化零售商
1212,利福国际,多元化零售商
825,新世界百货中国,多元化零售商
3308,金鹰商贸集团,多元化零售商
162,世纪金花,多元化零售商
848,茂业国际,多元化零售商
1723,港亚控股,多元化零售商
289,永安百货,多元化零售商
602,佳华百货控股,多元化零售商
2213,益华控股,多元化零售商
974,中国顺客隆,多元化零售商
880,澳博控股,赌场及博彩
1928,金沙中国有限公司,赌场及博彩
102,凯升控股,赌场及博彩
8156,国药科技股份,赌场及博彩
1128,永利澳门,赌场及博彩
27,银河娱乐,赌场及博彩
200,新濠国际发展,赌场及博彩
1371,华彩控股,赌场及博彩
2282,美高梅中国,赌场及博彩
3918,金界控股,赌场及博彩
1076,博华太平洋,赌场及博彩
1680,澳门励骏,赌场及博彩
70,金粤控股,赌场及博彩
8279,亚博科技控股,赌场及博彩
296,英皇娱乐酒店,赌场及博彩
959,世纪娱乐国际,赌场及博彩
6889,Dynam,赌场及博彩
1245,NIRAKU,赌场及博彩
1180,汇彩控股,赌场及博彩
1182,胜龙国际,赌场及博彩
8400,亚洲先锋娱乐,赌场及博彩
555,御泰中彩控股,赌场及博彩
1655,OKURA HOLDINGS,赌场及博彩
136,恒腾网络,电子商贸及互联网服务
8083,中国有赞,电子商贸及互联网服务
82,第一视频,电子商贸及互联网服务
700,腾讯控股,电子商贸及互联网服务
9988,阿里巴巴-SW,电子商贸及互联网服务
9911,赤子城科技,电子商贸及互联网服务
1357,美图公司,电子商贸及互联网服务
3690,美团-W,电子商贸及互联网服务
1137,香港电视,电子商贸及互联网服务
9923,移卡,电子商贸及互联网服务
395,环球智能控股,电子商贸及互联网服务
400,科通芯城,电子商贸及互联网服务
9618,京东集团-SW,电子商贸及互联网服务
8071,中彩网通控股,电子商贸及互联网服务
327,百富环球,电子商贸及互联网服务
2280,慧聪集团,电子商贸及互联网服务
1020,赛伯乐国际控股,电子商贸及互联网服务
1806,汇付天下,电子商贸及互联网服务
8325,中国支付通,电子商贸及互联网服务
818,高阳科技,电子商贸及互联网服务
2101,福禄控股,电子商贸及互联网服务
8041,荟萃国际(控股),电子商贸及互联网服务
223,易生活控股,电子商贸及互联网服务
536,贸易通,电子商贸及互联网服务
9991,宝尊电商-SW,电子商贸及互联网服务
484,云游控股,电子商贸及互联网服务
1039,畅由联盟,电子商贸及互联网服务
3773,年年卡,电子商贸及互联网服务
8613,东方支付集团控股,电子商贸及互联网服务
1094,中国公共采购,电子商贸及互联网服务
8086,新维国际控股,电子商贸及互联网服务
8076,新利软件,电子商贸及互联网服务
8100,智易控股,电子商贸及互联网服务
1736,中国育儿网络,电子商贸及互联网服务
1478,丘钛科技,电子零件
732,信利国际,电子零件
698,通达集团,电子零件
2018,瑞声科技,电子零件
2382,舜宇光学科技,电子零件
439,光启科学,电子零件
1415,高伟电子,电子零件
1979,天宝集团,电子零件
9918,丽年国际,电子零件
1401,SPROCOMM INTEL,电子零件
99,王氏国际,电子零件
1810,小米集团-W,电讯设备
2038,富智康集团,电讯设备
763,中兴通讯,电讯设备
285,比亚迪电子,电讯设备
6088,鸿腾精密,电讯设备
2369,酷派集团,电讯设备
2342,京信通信,电讯设备
552,中国通信服务,电讯设备
1729,汇聚科技,电讯设备
261,GBA集团,电讯设备
1300,俊知集团,电讯设备
1063,新确科技,电讯设备
8487,ISP GLOBAL,电讯设备
6869,长飞光纤光缆,电讯设备
143,国安国际,电讯设备
1617,南方通信,电讯设备
2000,晨讯科技,电讯设备
6168,优通未来,电讯设备
948,阿尔法企业,电讯设备
947,摩比发展,电讯设备
248,香港通讯国际控股,电讯设备
8167,中国新电信,电讯设备
303,伟易达,电讯设备
8311,圆美光电,电讯设备
6033,电讯数码控股,电讯设备
8043,ATLINKS,电讯设备
8286,长城微光,电讯设备
1202,成都普天电缆股份,电讯设备
2239,国微控股,电讯设备
1362,新龙移动,电讯设备
6133,维太创科,电讯设备
6188,迪信通,电讯设备
1085,亨鑫科技,电讯设备
1720,普天通信集团,电讯设备
9963,高科桥,电讯设备
164,中国宝力科技,电讯设备
529,新龙国际,电讯设备
1013,伟俊集团控股,电讯设备
8266,卓信国际控股,电讯设备
110,中国长远,电讯设备
8245,安悦国际控股,电讯设备
3997,电讯首科,电讯设备
728,中国电信,电讯服务
941,中国移动,电讯服务
762,中国联通,电讯服务
8,电讯盈科,电讯服务
1883,中信国际电讯,电讯服务
6823,香港电讯-SS,电讯服务
524,长城一带一路,电讯服务
215,和记电讯香港,电讯服务
1310,香港宽频,电讯服务
8337,直通电讯,电讯服务
315,数码通电讯,电讯服务
992,联想集团,电脑及周边器材
1337,雷蛇,电脑及周边器材
3396,联想控股,电脑及周边器材
334,华显光电,电脑及周边器材
856,伟仕佳杰,电脑及周边器材
2308,研祥智能,电脑及周边器材
1263,柏能集团,电脑及周边器材
1079,松景科技,电脑及周边器材
1523,珩湾科技,电脑及周边器材
3336,巨腾国际,电脑及周边器材
710,京东方精电,电脑及周边器材
3638,华邦金融,电脑及周边器材
8051,讯智海,电脑及周边器材
1050,嘉利国际,电脑及周边器材
2086,海航科技投资,电脑及周边器材
2028,映美控股,电脑及周边器材
2363,通达宏泰,电脑及周边器材
8287,百家淘客,电脑及周边器材
8066,品创控股,电脑及周边器材
8159,辉煌科技,电脑及周边器材
8171,中国趋势,电脑及周边器材
8192,环球通证,电脑及周边器材
8379,汇安智能,电脑及周边器材
3991,长虹佳华,电脑及周边器材
1816,中广核电力,电力
1071,华电国际电力股份,电力
991,大唐发电,电力
579,京能清洁能源,电力
902,华能国际电力股份,电力
2380,中国电力,电力
836,华润电力,电力
1608,伟能集团,电力
2,中电控股,电力
2638,港灯-SS,电力
6,电能实业,电力
1038,长江基建集团,电力
1713,四川能投发展,电力
1671,天保能源,电力
207,大悦城地产,地产投资
7,香港金融集团,地产投资
1387,中国地利,地产投资
410,SOHO中国,地产投资
1589,中国物流资产,地产投资
63,中亚烯谷集团,地产投资
730,首长四方,地产投资
3603,信基沙溪,地产投资
1972,太古地产,地产投资
1168,百仕达控股,地产投资
101,恒隆地产,地产投资
519,实力建业,地产投资
1997,九龙仓置业,地产投资
1528,红星美凯龙,地产投资
899,亚洲资源,地产投资
655,香港华人有限公司,地产投资
41,鹰君,地产投资
3688,莱蒙国际,地产投资
14,希慎兴业,地产投资
10,恒隆集团,地产投资
1124,沿海家园,地产投资
495,百利大,地产投资
127,华人置业,地产投资
456,新城市建设发展,地产投资
171,银建国际,地产投资
1379,温岭工量刃具,地产投资
251,爪哇控股,地产投资
878,金朝阳集团,地产投资
160,汉国置业,地产投资
369,永泰地产,地产投资
1036,万科海外,地产投资
859,中昌国际控股,地产投资
2379,中天国际,地产投资
2349,中国城市基础设施,地产投资
163,英皇国际,地产投资
898,万事昌国际,地产投资
8030,汇联金融服务,地产投资
8271,环球数码创意,地产投资
910,中国三迪,地产投资
3699,光大永年,地产投资
565,锦艺集团控股,地产投资
36,远东控股国际,地产投资
271,亚证地产,地产投资
1009,国际娱乐,地产投资
864,永利地产发展,地产投资
89,大生地产,地产投资
727,皇冠环球集团,地产投资
212,南洋集团,地产投资
26,中华汽车,地产投资
1730,LHN,地产投资
158,万邦投资,地产投资
2292,晋安实业,地产投资
266,天德地产,地产投资
499,青岛控股,地产投资
6090,胜捷企业,地产投资
29,达力集团,地产投资
616,高山企业,地产投资
224,建生国际,地产投资
277,太兴置业,地产投资
287,永发置业,地产投资
278,华厦置业,地产投资
247,尖沙咀置业,地产投资
225,博富临置业,地产投资
237,安全货仓,地产投资
141,天禧海嘉控股,地产投资
37,远东酒店实业,地产投资
75,渝太地产,地产投资
105,凯联国际酒店,地产投资
583,长城环亚控股,地产投资
674,中国唐商,地产投资
715,中泛控股,地产投资
93,添利工业,地产投资
1064,中华国际,地产投资
1125,丽丰控股,地产投资
1224,中渝置地,地产发展商
688,中国海外发展,地产发展商
846,明发集团,地产发展商
817,中国金茂,地产发展商
1918,融创中国,地产发展商
2007,碧桂园,地产发展商
1668,华南城,地产发展商
1966,中骏集团控股,地产发展商
3333,中国恒大,地产发展商
989,广泽国际发展,地产发展商
755,上海证大,地产发展商
2202,万科企业,地产发展商
535,金地商置,地产发展商
3377,远洋集团,地产发展商
1030,新城发展,地产发展商
1109,华润置地,地产发展商
272,瑞安房地产,地产发展商
2103,新力控股集团,地产发展商
6878,鼎丰集团控股,地产发展商
185,正商实业,地产发展商
1238,宝龙地产,地产发展商
59,天誉置业,地产发展商
123,越秀地产,地产发展商
627,福晟国际,地产发展商
1638,佳兆业集团,地产发展商
1777,花样年控股,地产发展商
190,香港建设(控股),地产发展商
6158,正荣地产,地产发展商
960,龙湖集团,地产发展商
496,卡森国际,地产发展商
119,保利置业集团,地产发展商
884,旭辉控股集团,地产发展商
3883,中国奥园,地产发展商
1813,合景泰富集团,地产发展商
497,资本策略地产,地产发展商
81,中国海外宏洋集团,地产发展商
832,建业地产,地产发展商
1628,禹洲集团,地产发展商
2777,富力地产,地产发展商
1622,力高集团,地产发展商
95,绿景中国地产,地产发展商
865,建德国际控股,地产发展商
230,五矿地产,地产发展商
1233,时代中国控股,地产发展商
2329,国瑞置业,地产发展商
813,世茂集团,地产发展商
3900,绿城中国,地产发展商
1113,长实集团,地产发展商
588,北京北辰实业股份,地产发展商
1222,宏安集团,地产发展商
1201,天臣控股,地产发展商
4,九龙仓集团,地产发展商
672,众安集团,地产发展商
1996,弘阳地产,地产发展商
432,盈大地产,地产发展商
563,上实城市开发,地产发展商
680,南海控股,地产发展商
1176,珠光控股,地产发展商
9968,汇景控股,地产发展商
604,深圳控股,地产发展商
16,新鸿基地产,地产发展商
9993,金辉控股,地产发展商
1396,粤港湾控股,地产发展商
2868,首创置业,地产发展商
149,中国农产品交易,地产发展商
2772,中梁控股,地产发展商
281,川河集团,地产发展商
8022,永耀集团控股,地产发展商
83,信和置业,地产发展商
1243,宏安地产,地产发展商
760,新天地产集团,地产发展商
12,恒基地产,地产发展商
3383,雅居乐集团,地产发展商
3380,龙光集团,地产发展商
17,新世界发展,地产发展商
996,嘉年华国际,地产发展商
508,鼎亿集团投资,地产发展商
1908,建发国际集团,地产发展商
3301,融信中国,地产发展商
978,招商局置地,地产发展商
1107,当代置业,地产发展商
1195,京维集团,地产发展商
2768,佳源国际控股,地产发展商
593,梦东方,地产发展商
1663,汉港控股,地产发展商
798,中电光谷,地产发展商
299,宝新置地,地产发展商
754,合生创展集团,地产发展商
618,北大资源,地产发展商
6968,港龙中国地产,地产发展商
1862,景瑞控股,地产发展商
726,筑友智造科技,地产发展商
337,绿地香港,地产发展商
199,德祥地产,地产发展商
9,金奥国际,地产发展商
173,嘉华国际,地产发展商
3990,美的置业,地产发展商
115,钧濠集团,地产发展商
3366,华侨城(亚洲),地产发展商
120,四海国际,地产发展商
6900,上坤地产,地产发展商
1207,上置集团,地产发展商
683,嘉里建设,地产发展商
2699,新明中国,地产发展商
2019,德信中国,地产发展商
193,冠中地产,地产发展商
1838,中国地产,地产发展商
258,汤臣集团,地产发展商
1098,路劲,地产发展商
2599,祥生控股集团,地产发展商
6111,大发地产,地产发展商
1902,银城国际控股,地产发展商
6999,领地控股,地产发展商
35,远东发展,地产发展商
106,朗诗地产,地产发展商
3616,恒达集团控股,地产发展商
845,恒盛地产,地产发展商
50,香港小轮(集团),地产发展商
28,天安,地产发展商
367,庄士机构国际,地产发展商
298,庄士中国,地产发展商
1246,保集健康,地产发展商
480,香港兴业国际,地产发展商
2117,大唐集团控股,地产发展商
34,九龙建业,地产发展商
2231,景业名邦集团,地产发展商
183,宏辉集团,地产发展商
2288,宏基资本,地产发展商
1278,中国新城镇,地产发展商
1321,中国新城市,地产发展商
194,廖创兴企业,地产发展商
124,粤海置地,地产发展商
88,大昌集团,地产发展商
6166,中国宏泰发展,地产发展商
1560,星星地产,地产发展商
1240,青建国际,地产发展商
21,大中华地产控股,地产发展商
216,建业实业,地产发展商
1232,金轮天地控股,地产发展商
2286,辰兴发展,地产发展商
2088,西王置业,地产发展商
112,勒泰集团,地产发展商
53,国浩集团,地产发展商
8155,南华资产控股,地产发展商
2118,天山发展控股,地产发展商
2183,三盛控股,地产发展商
938,民生国际,地产发展商
131,卓能(集团),地产发展商
2278,海蓝控股,地产发展商
147,国际商业结算,地产发展商
275,凯华集团,地产发展商
313,裕田中国,地产发展商
1218,永义国际,地产发展商
262,迪臣发展国际,地产发展商
208,保利达资产,地产发展商
2330,中国上城,地产发展商
1329,首创钜大,地产发展商
2608,阳光100中国,地产发展商
3639,亿达中国,地产发展商
1570,伟业控股,地产发展商
2892,万城控股,地产发展商
8313,杰地集团,地产代理
2048,易居企业控股,地产代理
459,美联工商铺,地产代理
352,富阳,地产代理
1200,美联集团,地产代理
733,合富辉煌,地产代理
9978,方圆房服集团,地产代理
8385,万里印刷,出版
426,万华媒体,出版
18,东方报业集团,出版
772,阅文集团,出版
282,壹传媒,出版
1105,星岛,出版
811,新华文轩,出版
8006,华泰瑞银,出版
2383,TOM集团,出版
1000,北青传媒,出版
423,经济日报集团,出版
343,文化传信,出版
685,世界华文媒体,出版
8317,财华社集团,出版
72,现代传播,出版
6808,高鑫零售,超市及便利店
39,中国北大荒,超市及便利店
831,利亚零售,超市及便利店
759,CEC国际,超市及便利店
2360,优品360,超市及便利店
980,联华超市,超市及便利店
984,永旺,超市及便利店
814,北京京客隆,超市及便利店
47,合兴集团,餐饮
8367,倩碧控股,餐饮
520,呷哺呷哺,餐饮
156,力宝华润,餐饮
8519,佳民集团,餐饮
9922,九毛九,餐饮
6862,海底捞,餐饮
1488,百福控股,餐饮
8412,高门集团,餐饮
8213,荣晖控股,餐饮
6811,太兴集团,餐饮
8493,龙皇集团,餐饮
8428,国茂控股,餐饮
1483,誉宴集团,餐饮
8475,千盛集团控股,餐饮
538,味千(中国),餐饮
341,大家乐集团,餐饮
1703,首沣控股,餐饮
8120,国农金融投资,餐饮
1181,唐宫中国,餐饮
1843,快餐帝国,餐饮
1978,叙福楼集团,餐饮
1314,翠华控股,餐饮
1869,利宝阁集团,餐饮
8447,MS CONCEPT,餐饮
573,稻香控股,餐饮
8432,太平洋酒吧,餐饮
8510,TOPSTANDARDCORP,餐饮
703,佳景集团,餐饮
8232,CLASSIFIED GP,餐饮
9987,百胜中国-S,餐饮
1443,富临集团控股,餐饮
8527,聚利宝控股,餐饮
8495,1957 & CO.,餐饮
52,大快活,餐饮
657,环科国际,餐饮
3666,国际天食,餐饮
2108,K2 F&B,餐饮
1632,民商创科,餐饮
8300,皇玺餐饮集团,餐饮
8056,生活概念,餐饮
8096,赏之味,餐饮
126,佳宁娜,餐饮
226,力宝,餐饮
8272,华人饮食集团,餐饮
1007,龙辉国际控股,餐饮
8371,尝高美集团,餐饮
2098,卓尔智联,采购及供应链管理
997,普汇中金国际,采购及供应链管理
8047,中国海洋发展,采购及供应链管理
517,中远海运国际,采购及供应链管理
8166,中国农业生态,采购及供应链管理
915,道和环球,采购及供应链管理
2668,百德国际,采购及供应链管理
1305,伟志控股,采购及供应链管理
377,中国华君,采购及供应链管理
8079,易还财务投资,采购及供应链管理
8203,凯顺控股,采购及供应链管理
8348,滨海泰达物流,采购及供应链管理
8310,大丰港,采购及供应链管理
1339,中国人民保险集团,保险
1508,中国再保险,保险
2628,中国人寿,保险
2318,中国平安,保险
1299,友邦保险,保险
966,中国太平,保险
2601,中国太保,保险
2328,中国财险,保险
1336,新华保险,保险
6060,众安在线,保险
6161,泰加保险,保险
376,云锋金融,保险
222,闽信集团,保险
8109,麒麟集团控股,保险
945,宏利金融-S,保险
662,亚洲金融,保险
2378,保诚,保险
1019,康宏环球,保险
8491,COOL LINK,包装食品
151,中国旺旺,包装食品
1458,周黑鸭,包装食品
142,第一太平,包装食品
3799,达利食品,包装食品
1475,日清食品,包装食品
6836,天韵国际控股,包装食品
197,亨泰,包装食品
1175,鲜驰达控股,包装食品
1767,TS WONDERS,包装食品
829,神冠控股,包装食品
8413,亚洲杂货,包装食品
1705,宾仕国际,包装食品
1837,五谷磨房,包装食品
1676,中国升海集团,包装食品
1285,嘉士利集团,包装食品
1262,蜡笔小新食品,包装食品
8496,新加坡美食控股,包装食品
8476,大洋环球控股,包装食品
834,康大食品,包装食品
1152,正乾金融控股,包装食品
374,四洲集团,包装食品
1210,克莉丝汀,包装食品
1583,亲亲食品,包装食品
60,香港食品投资,包装食品
8351,俊文宝石,包装食品
8362,运兴泰集团,包装食品
981,中芯国际,半导体
1347,华虹半导体,半导体
522,ASM太平洋,半导体
2878,晶门科技,半导体
8231,节能元件,半导体
595,先思行,半导体
85,中电华大科技,半导体
1385,上海复旦,半导体
1912,康特隆,半导体
2166,芯智控股,半导体
724,瑞鑫国际集团,半导体
8257,靖洋集团,半导体
1010,太睿国际控股,半导体
2203,脑洞科技,半导体
243,品质国际,半导体
235,中策集团,-
2800,盈富基金,-
7500,南方两倍看空恒指,-
3993,洛阳钼业,-
433,北方矿业,-
628,国美金融科技,-
769,中国稀土,-
767,亚太丝路投资,-
3033,南方恒生科技,-
3313,雅高控股,-
2823,安硕A50,-
412,山高金融,-
2822,南方A50,-
766,中盈集团控股,-
2362,金川国际,-
7200,南方两倍看多恒指,-
260,幸福控股,-
2858,易鑫集团,-
2666,环球医疗,-
195,绿科科技国际,-
2326,新源万恒控股,-
6128,泛亚国际,-
2159,麦迪卫康,-
7299,南方两倍做多黄金,-
7568,FI二南方纳指,-
3188,华夏沪深三百,-
1205,中信资源,-
3360,远东宏信,-
601,稀镁科技,-
3175,F三星原油期,-
3141,BMO亚投债,-
3032,恒生科技ETF,-
1772,赣锋锂业,-
7233,南方两倍做多沪深300,-
3067,安硕恒生科技,-
166,新时代能源,-
7288,南方两倍看多国指,-
2212,高鹏矿业,-
2828,恒生中国企业,-
2718,东正金融,-
1905,海通恒信,-
7300,南方一倍看空恒指,-
7522,FI二华夏纳一百,-
1572,中国艺术金融,-
6069,盛业资本,-
764,永恒策略,-
7552,南方两倍做空恒生科技,-
2051,51信用卡,-
1091,中信大锰,-
7226,南方两倍做多恒生科技,-
3088,华夏恒生科技,-
521,CWT INT’L,-
1380,中国金石,-
1164,中广核矿业,-
3833,新疆新鑫矿业,-
7588,FI二南方国指,-
82822,南方A50-R,-
7228,三星两倍看多国指,-
7328,三星一倍看空国指,-
3147,南方中创业板,-
1319,霭华押业信贷,-
335,美建集团,-
431,大中华金融,-
2812,三星中国龙网,-
397,权威金融,-
7312,三星一倍看空恒指,-
7205,三星两倍看多恒指,-
2845,GX中国电车,-
217,中国诚通发展集团,-
7333,南方一倍做空沪深300,-
1563,友联租赁,-
9845,GX中国电车-U,-
8223,紫元元,-
83188,华夏沪深三百-R,-
2833,恒指ETF,-
86,新鸿基公司,-
373,联合集团,-
7272,XL二华夏沪深三,-
2809,GX中国洁能,-
3191,GX中国半导,-
9191,GX中国半导-U,-
7221,华夏Direxion两倍看多恒指,-
82823,安硕A50-R,-
2806,GX中国消费,-
3097,FGX原油,-
3173,PP中新经济,-
9806,GX中国消费-U,-
9809,GX中国洁能-U,-
2826,GX中国云算,-
900,AEON信贷,-
2801,安硕中国ETF,-
3848,富道集团,-
1606,国银租赁,-
637,利记,-
2820,GX中国生科,-
7230,未来两倍看多国指,-
9820,GX中国生科-U,-
82833,恒指ETF-R,-
3877,中国船舶租赁,-
3073,SPDR大中华,-
3140,领航标普五百,-
3169,领航中国,-
2827,标智沪深300,-
3081,价值黄金,-
2807,GX中国机智,-
7362,未来一倍看空国指,-
3143,BMO香港银行股,-
9067,安硕恒生科技-U,-
1669,环球信贷集团,-
2840,SPDR金ETF,-
6866,佐力小贷,-
820,汇丰中国翔龙基金,-
2836,安硕印度,-
3040,GXMSCI中国,-
9807,GX中国机智-U,-
7231,未来两倍看多恒指,-
9074,安硕MS台湾-U,-
7331,FI华夏纳一百,-
1891,兴合控股,-
9826,GX中国云算-U,-
3086,BMO纳指,-
3193,南方中证5G,-
1290,中国汇融,-
8239,首都金融控股,-
3101,领航发展欧洲,-
7261,华夏Direxion两倍看多纳指,-
3049,XTR沪深三百,-
3047,F山证铁矿石,-
3197,华夏A国际通,-
3903,瀚华金控,-
83101,领航发展欧洲-R,-
83168,恒生人币金ETF,-
7322,XIGX标普,-
3115,安硕恒生指数,-
83100,易方达沪深三-R,-
2802,安硕亚洲新兴,-
3110,GX恒生高股息率,-
2811,海通沪深三百,-
83147,南方中创业板-R,-
7321,华夏Direxion一倍看空恒指,-
7266,FL二南方纳指,-
758,新华联资本,-
1142,西伯利亚矿业,-
379,恒嘉融资租赁,-
3100,易方达沪深三,-
83012,东汇香港35-R,-
3010,安硕亚洲除日,-
3031,海通AESG,-
2846,安硕沪深三百,-
9031,海通AESG-U,-
9169,领航中国-U,-
2843,东汇A50,-
3027,XTR俄罗斯,-
1273,香港信贷,-
3085,领航亚洲高息,-
3187,三星高息房托,-
2834,安硕纳指一百,-
7373,XI华夏沪深三百,-
3005,南方中证五百,-
2003,维信金科,-
3121,BMO亚太房地产,-
3074,安硕MS台湾,-
3963,融众金融,-
1601,中关村科技租赁,-
2824,力宝专选中港地产,-
83085,领航亚洲高息-R,-
3130,恒生沪深三百,-
2805,领航亚洲,-
3070,平安香港高息股,-
3181,PP亚洲创科,-
8621,METROPOLIS CAP,-
3167,工银南方中国,-
3182,标智新经济50,-
3048,TR巴西,-
9805,领航亚洲-U,-
3128,恒生A股龙头,-
3126,领航日本,-
83074,安硕MS台湾-R,-
8019,皓文控股,-
82811,海通沪深三百-R,-
8187,积木集团,-
9173,PP中新经济-U,-
83005,南方中证五百-R,-
83031,海通AESG-R,-
83128,恒生A股龙头-R,-
2804,PP越南,-
9846,安硕沪深三百-U,-
3087,XTR富时越南,-
9081,价值黄金-U,-
2813,华夏政银国债,-
82828,恒生中国企业-R,-
83118,嘉实明晟A股-R,-
2803,PP中国基石,-
9085,领航亚洲高息-U,-
3091,A日兴电游,-
736,中国置业投资,-
2819,ABF港债指数,-
3199,南方政银国债,-
82846,安硕沪深三百-R,-
82805,领航亚洲-R,-
3023,平安智能及机械人,-
3072,日兴环球联网,-
2848,TR韩国,-
3170,安硕韩国二百,-
83126,领航日本-R,-
83169,领航中国-R,-
2810,PP新兴东盟,-
9170,安硕韩国二百-U,-
9834,安硕纳指一百-U,-
83010,安硕亚洲除日-R,-
9140,领航标普五百-U,-
83140,领航标普五百-R,-
3145,BMO亚洲高息股,-
3080,平安中国国债,-
3036,TR台湾,-
2838,恒生富时中国50,-
3099,XTR印尼,-
83081,价值黄金-R,-
3020,XTR美国,-
2821,沛富基金,-
3092,TR泰国,-
3186,中金金瑞中网,-
9810,PP新兴东盟-U,-
9804,PP越南-U,-
3011,A工银中金美,-
3015,XTRN50印度,-
3022,安硕新兴市场,-
172,金榜集团,-
1543,中盈盛达融资担保,-
1577,汇鑫小贷,-
8230,中国宇天,-
8331,恒勤集团,-
198,星美控股,-
279,民众金融科技,-
668,东银国际控股,-
605,中国金融投资管理,-
933,光汇石油,-
109,天成国际,-
1225,隆成金融,-
8028,天时软件,-
629,悦达国际控股,-
801,金卫医疗,-
8190,康佰控股,-
8085,香港生命科学,-
8212,誉满国际控股,-
221,易易壹金融,-
587,华瀚健康,-
8256,金利通,-
2302,中核国际,-
1149,中国安芯,-
402,天下图控股,-
3335,DBA电讯,-
1886,汇源果汁,-
625,睿富房地产基金,-
1155,星辰通信,-
2825,标智香港100,-
3024,标智上证50,-
3007,TR富时50,-
3019,XTR环球,-
3043,TR太平洋,-
1698,博士蛙国际,-
8207,中新控股,-
1089,乐游科技控股,-
1151,依利安达,-
3777,中国光纤,-
8215,第一信用,-
2133,信盛矿业,-
8090,中国融保金融集团,-
3055,TR中国,-
3082,TR马来西亚,-
1322,创达科技控股,-
3118,嘉实明晟A股,-
3016,TR菲律宾,-
3065,TR新加坡,-
1369,五洲国际,-
1219,天喔国际,-
2832,博时FA50,-
82832,博时FA50-R,-
8001,东方汇财证券,-
83199,南方政银国债-R,-
2229,长港敦信,-
3127,GX沪深三百,-
83127,GX沪深三百-R,-
3122,南方人民币,-
83122,南方人民币-R,-
3157,华夏港股通小型股,-
3149,南方MSCI,-
83149,南方MSCI-R,-
3160,BMO日股对冲,-
3165,BMO欧优股对冲,-
3012,东汇香港35,-
8346,创新电子控股,-
82834,安硕纳指一百-R,-
83170,安硕韩国二百-R,-
9010,安硕亚洲除日-U,-
9836,安硕印度-U,-
82836,安硕印度-R,-
82843,东汇A50-R,-
9115,安硕恒生指数-U,-
83115,安硕恒生指数-R,-
8183,尚捷集团控股,-
7336,未来一倍看空恒指,-
8465,高科桥,-
8142,德利机械,-
1625,翔辉矿业,-
8485,竣球控股,-
1990,兴华港口,-
1659,海天能源,-
83197,华夏A国际通-R,-
9167,工银南方中国-U,-
83167,工银南方中国-R,-
9101,领航发展欧洲-U,-
9126,领航日本-U,-
9186,中金金瑞中网-U,-
83186,中金金瑞中网-R,-
82813,华夏政银国债-R,-
8525,百应控股,-
3053,南方港元货币,-
83053,南方港元货币-R,-
9181,PP亚洲创科-U,-
3163,平安中国多因子,-
3166,平安中国质量因子,-
3093,中金优选一百,-
83093,中金优选一百-R,-
3198,平安5HANDL,-
3079,中金中国国债,-
83079,中金中国国债-R,-
3096,南方美元货币,-
9096,南方美元货币-U,-
9086,BMO纳指-U,-
9141,BMO亚投债-U,-
9011,A工银中金美-U,-
1915,泰和小贷,-
3077,PP美国库,-
9077,PP美国库-U,-
9078,PP美国库A-U,-
9072,日兴环球联网-U,-
9047,F山证铁矿石-U,-
9091,A日兴电游-U,-
9812,三星中国龙网-U,-
9022,安硕新兴市场-U,-
9088,华夏恒生科技-U,-
56,联合地产(香港),-
9187,三星高息房托-U,-
83130,恒生沪深三百-R,-
3071,A中金港元,-
